{"type": "FeatureCollection", "features": [{"type": "Feature", "properties": {"key": "1", "source": "OSRM / OpenStreetMap", "fetchedAt": "2026-09-16T06:04:51.700186+00:00", "requestUrl": "https://router.project-osrm.org/route/v1/driving/104.0665,30.5728;103.5921,30.89231?overview=full&geometries=geojson&steps=false", "distanceMeters": 73039.5, "durationSeconds": 3540.4, "waypoints": [{"hint": "k2zOhf___387AAAAYQAAAEEBAAAAAAAALaSCQtavJ0KyN7JDAAAAADsAAABhAAAAQQEAAAAAAAB3JgEA-uwzBvuA0gHE7TMGAIHSAQgAbxYAAAAA", "location": [104.066298, 30.572795], "name": "天府大道辅道", "distance": 19.38481586}, {"hint": "otvRkaPb0ZEHAAAAAAAAAIEAAAAWAAAA7B5EQAAAAABDw1ZCNBEPQQcAAAAAAAAAgQAAABYAAAB3JgEAS7AsBq1h1wGksCwGFmHXAQIAvwQAAAAA", "location": [103.592011, 30.892461], "name": "", "distance": 18.78020559}], "note": "Suggested driving route through supplied WGS84 itinerary anchors; not a verified convoy route. No live closures or off-road activities."}, "geometry": {"coordinates": [[104.066298, 30.572795], [104.066286, 30.573173], [104.066246, 30.574488], [104.066243, 30.574566], [104.066228, 30.575057], [104.066146, 30.577734], [104.066138, 30.578005], [104.06613, 30.578252], [104.065925, 30.578248], [104.06583, 30.581359], [104.065826, 30.581473], [104.065713, 30.585167], [104.065616, 30.588308], [104.065613, 30.588413], [104.065606, 30.588656], [104.065531, 30.591078], [104.065522, 30.591362], [104.065367, 30.596433], [104.065316, 30.598089], [104.065289, 30.598953], [104.065263, 30.599817], [104.065224, 30.601069], [104.065299, 30.601233], [104.065385, 30.601358], [104.065527, 30.601464], [104.065665, 30.601511], [104.065826, 30.601533], [104.06601, 30.601514], [104.06618, 30.60144], [104.066308, 30.601332], [104.066386, 30.601183], [104.066399, 30.601045], [104.066371, 30.600904], [104.066291, 30.600787], [104.066146, 30.60066], [104.065973, 30.600596], [104.065825, 30.600556], [104.065176, 30.600569], [104.064356, 30.600585], [104.062408, 30.600622], [104.061084, 30.600648], [104.05947, 30.600694], [104.056121, 30.600763], [104.054698, 30.600798], [104.05392, 30.600817], [104.051551, 30.600821], [104.050726, 30.600823], [104.049075, 30.600826], [104.046831, 30.601043], [104.04619, 30.601174], [104.045857, 30.601216], [104.044985, 30.601325], [104.044469, 30.601375], [104.044252, 30.601396], [104.043552, 30.601449], [104.04305, 30.601481], [104.042609, 30.601508], [104.042215, 30.60159], [104.041357, 30.601889], [104.040953, 30.602033], [104.040665, 30.602146], [104.040142, 30.602372], [104.039966, 30.602448], [104.039538, 30.602651], [104.038932, 30.602976], [104.038377, 30.603281], [104.038015, 30.603479], [104.037333, 30.603894], [104.035335, 30.605158], [104.035248, 30.605207], [104.034879, 30.605417], [104.034127, 30.605832], [104.027482, 30.609411], [104.021693, 30.612529], [104.020641, 30.61309], [104.019622, 30.613649], [104.018796, 30.614144], [104.017999, 30.614661], [104.017396, 30.615118], [104.01612, 30.616211], [104.015899, 30.616409], [104.014837, 30.617357], [104.013127, 30.61881], [104.012374, 30.619427], [104.011804, 30.619894], [104.01146, 30.620177], [104.010708, 30.620765], [104.00992, 30.621338], [104.006535, 30.623707], [104.002836, 30.62627], [104.002555, 30.626468], [104.001233, 30.62739], [104.000452, 30.627927], [103.999917, 30.628294], [103.999177, 30.628836], [103.998708, 30.629227], [103.998214, 30.629742], [103.997591, 30.630576], [103.996657, 30.632044], [103.995805, 30.633383], [103.994145, 30.635997], [103.993878, 30.636417], [103.993167, 30.637516], [103.991286, 30.640426], [103.989406, 30.642994], [103.988139, 30.644724], [103.987598, 30.64548], [103.984403, 30.649886], [103.983224, 30.651512], [103.982999, 30.65184], [103.982786, 30.652202], [103.982579, 30.652587], [103.982382, 30.653041], [103.982232, 30.653441], [103.982097, 30.653839], [103.981989, 30.654203], [103.981908, 30.654546], [103.981846, 30.654904], [103.981815, 30.655259], [103.981776, 30.655629], [103.981764, 30.655746], [103.981775, 30.656195], [103.981791, 30.656372], [103.981863, 30.657151], [103.982438, 30.661197], [103.982556, 30.661907], [103.982617, 30.662165], [103.982754, 30.662715], [103.983103, 30.663744], [103.983352, 30.664468], [103.983512, 30.664946], [103.983635, 30.665296], [103.983948, 30.666244], [103.986267, 30.672431], [103.9864, 30.672787], [103.986611, 30.673271], [103.986911, 30.673905], [103.98714, 30.674327], [103.988357, 30.676305], [103.988594, 30.67669], [103.989667, 30.67842], [103.989958, 30.678911], [103.990988, 30.680491], [103.992847, 30.683556], [103.993537, 30.684661], [103.995002, 30.687022], [103.997533, 30.691098], [103.997683, 30.691376], [103.997927, 30.69183], [103.998277, 30.692663], [104.000633, 30.699153], [104.000735, 30.699436], [104.000832, 30.699648], [104.001, 30.699983], [104.001408, 30.700646], [104.001591, 30.700875], [104.001851, 30.701181], [104.001958, 30.701307], [104.001982, 30.701335], [104.002241, 30.701626], [104.002687, 30.701937], [104.00292, 30.702088], [104.003113, 30.702186], [104.003398, 30.702262], [104.003572, 30.702287], [104.00374, 30.702283], [104.003979, 30.702255], [104.004404, 30.702191], [104.004634, 30.702203], [104.004802, 30.702248], [104.004942, 30.702322], [104.005021, 30.702409], [104.005069, 30.702477], [104.005125, 30.702617], [104.005137, 30.702684], [104.005144, 30.702805], [104.005093, 30.703196], [104.005035, 30.703325], [104.004788, 30.703657], [104.004616, 30.703853], [104.004482, 30.704003], [104.004118, 30.704361], [104.003712, 30.704684], [104.003504, 30.704846], [104.003149, 30.705124], [104.002551, 30.705715], [104.002177, 30.706064], [104.00209, 30.706155], [104.001859, 30.706374], [104.001185, 30.706956], [103.999146, 30.708741], [103.99822, 30.70958], [103.997077, 30.710537], [103.996664, 30.710902], [103.99595, 30.711481], [103.995456, 30.711885], [103.995063, 30.712233], [103.99454, 30.712678], [103.993913, 30.713212], [103.992963, 30.714018], [103.992569, 30.714276], [103.992303, 30.71445], [103.991864, 30.714722], [103.990363, 30.715623], [103.990287, 30.715667], [103.988815, 30.716547], [103.987508, 30.717302], [103.986491, 30.717911], [103.985562, 30.718452], [103.984568, 30.719035], [103.984294, 30.719245], [103.984021, 30.719475], [103.983762, 30.719738], [103.983552, 30.719938], [103.98168, 30.72192], [103.979894, 30.723721], [103.978608, 30.72509], [103.976348, 30.727501], [103.975732, 30.72811], [103.974102, 30.729809], [103.972377, 30.73163], [103.97129, 30.732753], [103.970193, 30.733897], [103.968832, 30.735317], [103.968244, 30.735931], [103.967692, 30.73648], [103.965824, 30.738468], [103.964423, 30.739934], [103.964002, 30.740374], [103.963321, 30.741065], [103.962833, 30.741579], [103.962149, 30.742231], [103.961718, 30.742554], [103.961155, 30.742942], [103.960695, 30.743224], [103.960288, 30.743453], [103.959861, 30.74367], [103.95641, 30.745194], [103.953983, 30.746316], [103.950879, 30.747693], [103.949703, 30.748268], [103.948574, 30.74887], [103.947929, 30.749255], [103.947564, 30.749482], [103.947456, 30.749559], [103.94686, 30.749984], [103.945965, 30.750649], [103.94513, 30.751296], [103.9443, 30.751878], [103.940087, 30.754995], [103.937937, 30.756646], [103.936585, 30.757633], [103.930703, 30.762043], [103.928708, 30.763525], [103.927674, 30.764277], [103.924758, 30.766398], [103.923861, 30.767059], [103.921769, 30.768612], [103.919842, 30.77011], [103.919108, 30.770788], [103.918713, 30.771154], [103.918438, 30.771334], [103.917487, 30.77196], [103.915832, 30.773236], [103.915297, 30.773656], [103.906381, 30.780665], [103.903438, 30.7828], [103.902836, 30.783189], [103.901844, 30.783752], [103.900767, 30.784321], [103.899779, 30.784745], [103.8997, 30.784781], [103.899629, 30.784809], [103.898806, 30.78513], [103.898133, 30.785348], [103.897389, 30.785568], [103.896073, 30.785899], [103.895072, 30.786104], [103.893759, 30.786303], [103.892268, 30.786435], [103.890399, 30.786495], [103.88954, 30.786467], [103.887213, 30.786314], [103.886016, 30.786262], [103.885111, 30.78627], [103.884462, 30.786284], [103.883797, 30.78636], [103.883185, 30.786429], [103.882542, 30.786527], [103.881898, 30.786642], [103.881305, 30.786769], [103.880675, 30.786938], [103.880042, 30.787135], [103.879396, 30.787338], [103.878679, 30.787624], [103.877798, 30.787995], [103.877103, 30.788341], [103.876503, 30.788674], [103.874287, 30.789917], [103.866313, 30.794457], [103.863851, 30.795862], [103.862986, 30.796346], [103.857982, 30.799149], [103.856751, 30.799838], [103.855438, 30.800619], [103.854632, 30.801128], [103.853579, 30.801924], [103.852663, 30.802604], [103.851562, 30.80347], [103.850922, 30.804015], [103.850262, 30.804605], [103.84955, 30.80518], [103.848898, 30.805817], [103.84841, 30.806325], [103.84767, 30.807138], [103.847292, 30.807587], [103.84679, 30.808193], [103.846356, 30.808741], [103.845944, 30.809263], [103.845294, 30.81017], [103.844828, 30.811168], [103.844015, 30.812371], [103.843247, 30.813521], [103.841977, 30.815393], [103.841599, 30.815999], [103.84127, 30.816457], [103.840625, 30.817287], [103.839936, 30.818121], [103.839583, 30.818546], [103.839123, 30.819026], [103.838582, 30.819586], [103.83819, 30.819987], [103.837052, 30.821042], [103.83687, 30.821225], [103.836116, 30.821853], [103.835131, 30.822674], [103.834157, 30.823416], [103.83281, 30.824484], [103.832699, 30.824581], [103.832096, 30.825076], [103.831513, 30.82561], [103.830886, 30.826155], [103.830288, 30.826762], [103.829802, 30.827246], [103.829023, 30.827973], [103.828446, 30.828594], [103.827858, 30.829242], [103.827107, 30.830065], [103.826606, 30.830641], [103.826016, 30.83139], [103.825383, 30.832219], [103.824883, 30.832862], [103.824575, 30.833296], [103.8238, 30.83449], [103.823167, 30.835508], [103.822832, 30.836061], [103.822036, 30.837384], [103.821018, 30.839027], [103.82047, 30.839889], [103.819886, 30.840764], [103.819286, 30.841583], [103.818962, 30.842054], [103.818725, 30.842336], [103.818502, 30.842633], [103.818122, 30.843113], [103.817575, 30.843795], [103.817092, 30.844356], [103.816722, 30.844801], [103.816271, 30.845333], [103.815852, 30.845778], [103.815418, 30.846263], [103.814708, 30.847029], [103.814447, 30.847288], [103.814339, 30.847409], [103.813776, 30.847954], [103.813257, 30.848483], [103.81264, 30.849039], [103.811653, 30.849949], [103.810567, 30.850928], [103.809124, 30.852208], [103.808198, 30.853038], [103.807167, 30.853964], [103.806454, 30.854632], [103.80566, 30.855359], [103.804736, 30.856299], [103.803712, 30.857353], [103.802313, 30.858941], [103.801892, 30.859426], [103.797175, 30.86487], [103.796264, 30.865892], [103.795347, 30.866848], [103.794669, 30.867502], [103.794416, 30.867699], [103.793807, 30.868208], [103.793051, 30.868823], [103.792093, 30.869529], [103.791431, 30.869999], [103.790838, 30.870392], [103.789762, 30.871049], [103.7887, 30.871617], [103.78802, 30.871963], [103.786563, 30.872666], [103.784027, 30.873645], [103.782492, 30.874283], [103.780607, 30.875205], [103.777746, 30.876962], [103.777482, 30.877166], [103.776805, 30.877678], [103.7756, 30.87859], [103.773848, 30.880145], [103.77199, 30.882195], [103.770491, 30.884255], [103.769989, 30.885082], [103.768538, 30.887582], [103.767294, 30.889892], [103.767041, 30.890364], [103.766094, 30.891978], [103.765665, 30.89265], [103.76534, 30.893136], [103.764589, 30.894171], [103.762834, 30.896147], [103.758864, 30.900027], [103.757711, 30.900932], [103.755531, 30.902437], [103.755279, 30.902597], [103.753464, 30.903636], [103.751611, 30.904628], [103.749955, 30.905378], [103.747416, 30.906362], [103.741064, 30.908348], [103.738417, 30.909157], [103.737235, 30.909523], [103.736386, 30.909819], [103.735212, 30.91022], [103.733819, 30.910754], [103.732738, 30.911239], [103.730865, 30.912118], [103.729003, 30.913156], [103.727236, 30.91423], [103.725148, 30.91573], [103.724566, 30.916207], [103.724035, 30.916773], [103.72353, 30.917356], [103.723265, 30.917655], [103.722883, 30.918015], [103.72212, 30.918484], [103.721985, 30.918816], [103.721932, 30.918964], [103.721888, 30.919085], [103.721851, 30.919265], [103.721851, 30.919401], [103.721865, 30.919576], [103.722045, 30.920816], [103.722106, 30.92103], [103.722181, 30.921201], [103.722278, 30.921352], [103.722396, 30.921493], [103.722527, 30.921615], [103.722974, 30.921998], [103.723785, 30.922466], [103.723941, 30.922549], [103.724008, 30.922589], [103.723938, 30.922702], [103.723173, 30.923984], [103.722266, 30.924846], [103.721709, 30.925366], [103.721045, 30.925687], [103.719813, 30.925972], [103.716719, 30.9267], [103.713511, 30.927455], [103.710854, 30.928035], [103.709204, 30.928405], [103.707732, 30.928769], [103.705699, 30.929503], [103.704907, 30.92991], [103.703812, 30.930457], [103.702272, 30.931243], [103.701763, 30.931503], [103.700445, 30.932168], [103.700306, 30.932242], [103.700245, 30.932153], [103.700074, 30.931872], [103.699909, 30.931632], [103.699042, 30.930389], [103.699002, 30.930331], [103.697285, 30.927705], [103.696894, 30.927119], [103.696848, 30.927047], [103.695007, 30.924373], [103.694399, 30.923506], [103.693905, 30.922779], [103.693422, 30.922091], [103.692959, 30.921576], [103.692564, 30.92112], [103.692253, 30.92081], [103.691926, 30.92049], [103.69151, 30.920135], [103.690323, 30.919163], [103.689985, 30.918913], [103.68887, 30.918027], [103.688028, 30.917343], [103.686733, 30.916296], [103.686634, 30.916205], [103.686523, 30.916113], [103.686437, 30.916045], [103.683011, 30.913369], [103.682474, 30.912985], [103.681352, 30.912332], [103.681017, 30.912153], [103.680678, 30.911971], [103.679609, 30.911475], [103.677926, 30.910709], [103.676478, 30.91005], [103.675324, 30.909527], [103.674905, 30.909334], [103.674603, 30.909179], [103.674484, 30.909119], [103.671233, 30.907651], [103.666924, 30.905707], [103.661517, 30.903229], [103.660109, 30.902592], [103.658285, 30.901759], [103.654706, 30.900118], [103.652501, 30.899125], [103.651156, 30.898525], [103.650602, 30.8983], [103.649528, 30.897936], [103.648834, 30.897728], [103.647914, 30.897518], [103.647224, 30.897401], [103.646181, 30.897255], [103.645094, 30.897182], [103.644445, 30.89717], [103.643709, 30.897174], [103.642656, 30.897242], [103.641626, 30.897371], [103.640488, 30.897524], [103.638824, 30.897759], [103.637416, 30.897967], [103.636633, 30.89806], [103.63619, 30.898086], [103.635721, 30.898113], [103.635449, 30.898118], [103.635087, 30.898125], [103.634683, 30.898117], [103.634077, 30.898102], [103.632965, 30.898003], [103.632262, 30.897919], [103.631194, 30.897725], [103.630506, 30.89755], [103.628285, 30.896905], [103.62696, 30.896495], [103.625135, 30.895931], [103.62471, 30.895807], [103.623505, 30.895441], [103.62286, 30.895244], [103.621928, 30.894959], [103.618218, 30.8938], [103.618122, 30.893766], [103.614946, 30.892796], [103.612894, 30.892163], [103.612107, 30.89196], [103.611344, 30.891802], [103.610531, 30.891667], [103.610442, 30.891653], [103.609641, 30.891565], [103.608972, 30.891518], [103.608333, 30.891503], [103.607439, 30.891524], [103.606659, 30.891563], [103.605829, 30.891654], [103.604883, 30.891808], [103.604753, 30.891832], [103.604674, 30.891845], [103.604578, 30.891861], [103.603638, 30.892043], [103.602344, 30.892297], [103.59883, 30.893018], [103.598775, 30.893029], [103.591433, 30.894513], [103.591305, 30.894538], [103.591139, 30.894571], [103.591072, 30.894414], [103.59135, 30.894348], [103.593898, 30.893787], [103.59371, 30.89287], [103.592192, 30.893123], [103.59207, 30.892521], [103.592056, 30.892495], [103.592039, 30.892478], [103.592011, 30.892461], [103.592011, 30.892461]], "type": "LineString"}}, {"type": "Feature", "properties": {"key": "2", "source": "OSRM / OpenStreetMap", "fetchedAt": "2026-09-16T06:04:51.701777+00:00", "requestUrl": "https://router.project-osrm.org/route/v1/driving/103.5921,30.89231;102.7365601,30.0319582;102.1271446,29.6416617?overview=full&geometries=geojson&steps=false", "distanceMeters": 324023.3, "durationSeconds": 14313.5, "waypoints": [{"hint": "otvRkaPb0ZEHAAAAAAAAAIEAAAAWAAAA7B5EQAAAAABDw1ZCNBEPQQcAAAAAAAAAgQAAABYAAAB3JgEAS7AsBq1h1wGksCwGFmHXAQIAvwQAAAAA", "location": [103.592011, 30.892461], "name": "", "distance": 18.78020559}, {"hint": "H3NBi3NzQYsmAAAAdQAAACMAAAAAAAAAbjd-QREKQ0IjYmtBAAAAACYAAAB1AAAAIwAAAAAAAAB3JgEA2aEfBhRBygGwoh8GVkDKAQIA3wIAAAAA", "location": [102.736345, 30.032148], "name": "", "distance": 29.55892905}, {"hint": "5d1mjujdZo5QAAAAGgAAAAAAAABnAAAAS8wGQlIQKEEAAAAAaz8rQlAAAAAaAAAAAAAAAGcAAAB3JgEA3FYWBgdLxAEpVhYGvkvEAQAAXw4AAAAA", "location": [102.127324, 29.641479], "name": "", "distance": 26.68329543}], "note": "Suggested driving route through supplied WGS84 itinerary anchors; not a verified convoy route. No live closures or off-road activities."}, "geometry": {"coordinates": [[103.592011, 30.892461], [103.592011, 30.892461], [103.592039, 30.892478], [103.592056, 30.892495], [103.59207, 30.892521], [103.592192, 30.893123], [103.59371, 30.89287], [103.593898, 30.893787], [103.593953, 30.893776], [103.594231, 30.893719], [103.598787, 30.892783], [103.599955, 30.89255], [103.599985, 30.892544], [103.60221, 30.892138], [103.602322, 30.892117], [103.604542, 30.891712], [103.604638, 30.891695], [103.603272, 30.886185], [103.602957, 30.884906], [103.602608, 30.883524], [103.602255, 30.882062], [103.602215, 30.881912], [103.601981, 30.881042], [103.601778, 30.880292], [103.601353, 30.879035], [103.600973, 30.878099], [103.600634, 30.87735], [103.600204, 30.876458], [103.599735, 30.875567], [103.599034, 30.874402], [103.599019, 30.874376], [103.598282, 30.873115], [103.596435, 30.869997], [103.596234, 30.869635], [103.596233, 30.869575], [103.596115, 30.868555], [103.595965, 30.867425], [103.595404, 30.864879], [103.595208, 30.863869], [103.594442, 30.860506], [103.594252, 30.859859], [103.59402, 30.859275], [103.593804, 30.858847], [103.593769, 30.858765], [103.593467, 30.858329], [103.59145, 30.855702], [103.591156, 30.855281], [103.590956, 30.854911], [103.590761, 30.854441], [103.590644, 30.854081], [103.590545, 30.853623], [103.590029, 30.850108], [103.59002, 30.850045], [103.589884, 30.849106], [103.589764, 30.847984], [103.589621, 30.845709], [103.588979, 30.836316], [103.588975, 30.836259], [103.588637, 30.832223], [103.588633, 30.83211], [103.588577, 30.831552], [103.588131, 30.826988], [103.58812, 30.826854], [103.587873, 30.822377], [103.58717, 30.815364], [103.586918, 30.814002], [103.586519, 30.812588], [103.585878, 30.810889], [103.584908, 30.808855], [103.583878, 30.807141], [103.583206, 30.80619], [103.58178, 30.80456], [103.57996, 30.802384], [103.579181, 30.801587], [103.579093, 30.801481], [103.575875, 30.797726], [103.57483, 30.796542], [103.573919, 30.795461], [103.572907, 30.79434], [103.565487, 30.785785], [103.564868, 30.785004], [103.563805, 30.783483], [103.561203, 30.778623], [103.560892, 30.77809], [103.560026, 30.776708], [103.558774, 30.775113], [103.557816, 30.77405], [103.557234, 30.773486], [103.556251, 30.772519], [103.55417, 30.770822], [103.552426, 30.769649], [103.551356, 30.769057], [103.550979, 30.768848], [103.545846, 30.766104], [103.543687, 30.764942], [103.539932, 30.762923], [103.538472, 30.762144], [103.537371, 30.761493], [103.536553, 30.760898], [103.535953, 30.760376], [103.535188, 30.759505], [103.534733, 30.758838], [103.534408, 30.758267], [103.534133, 30.757715], [103.533914, 30.757074], [103.533798, 30.756718], [103.533674, 30.756099], [103.532942, 30.750649], [103.53293, 30.750569], [103.532523, 30.747445], [103.532514, 30.747381], [103.532348, 30.746045], [103.532337, 30.745942], [103.532157, 30.744629], [103.531793, 30.741751], [103.531568, 30.739665], [103.531406, 30.738812], [103.531254, 30.738421], [103.531081, 30.738078], [103.530826, 30.737683], [103.528567, 30.735259], [103.526323, 30.732911], [103.524801, 30.731295], [103.524168, 30.730612], [103.522936, 30.729281], [103.520629, 30.726789], [103.520555, 30.72671], [103.519924, 30.726037], [103.517309, 30.723217], [103.516945, 30.722726], [103.516791, 30.722436], [103.516739, 30.722224], [103.516671, 30.721939], [103.516669, 30.721802], [103.516664, 30.721534], [103.516702, 30.721263], [103.516864, 30.720787], [103.517108, 30.720389], [103.517828, 30.719379], [103.51885, 30.718008], [103.519317, 30.717274], [103.520211, 30.715471], [103.52043, 30.715099], [103.520658, 30.714824], [103.521968, 30.713539], [103.522476, 30.712884], [103.523159, 30.711872], [103.523816, 30.710898], [103.527591, 30.70521], [103.527686, 30.705066], [103.529399, 30.702595], [103.529685, 30.702151], [103.530011, 30.701637], [103.530172, 30.701401], [103.53049, 30.700881], [103.530912, 30.700204], [103.531157, 30.699511], [103.531445, 30.696094], [103.5316, 30.695133], [103.531846, 30.694228], [103.532949, 30.692499], [103.533098, 30.692265], [103.533684, 30.691347], [103.533912, 30.690857], [103.534071, 30.690469], [103.534169, 30.690229], [103.534351, 30.689641], [103.534468, 30.689098], [103.534518, 30.688596], [103.534496, 30.687983], [103.5342, 30.686526], [103.534056, 30.685877], [103.534017, 30.685656], [103.53401, 30.685622], [103.533792, 30.684559], [103.533806, 30.684333], [103.534005, 30.683548], [103.535228, 30.680442], [103.535321, 30.680073], [103.535372, 30.67957], [103.535469, 30.678626], [103.535573, 30.67762], [103.535755, 30.676752], [103.535789, 30.676691], [103.536406, 30.675895], [103.536654, 30.675109], [103.538312, 30.669339], [103.538884, 30.667474], [103.544068, 30.654477], [103.548348, 30.645124], [103.548697, 30.644362], [103.54895, 30.643817], [103.549392, 30.642864], [103.550444, 30.640545], [103.551305, 30.638766], [103.551469, 30.638454], [103.55209, 30.63765], [103.552521, 30.637093], [103.55553, 30.634172], [103.555946, 30.633712], [103.556648, 30.632724], [103.557407, 30.63147], [103.557558, 30.631127], [103.55765, 30.630898], [103.55773, 30.630406], [103.55784, 30.629734], [103.557894, 30.629302], [103.558006, 30.628518], [103.558175, 30.62794], [103.5584, 30.627489], [103.558894, 30.626803], [103.559106, 30.626431], [103.559234, 30.626027], [103.559272, 30.625612], [103.559201, 30.62514], [103.559018, 30.624643], [103.558774, 30.624266], [103.558263, 30.623791], [103.557858, 30.623525], [103.557308, 30.623249], [103.555631, 30.622306], [103.554007, 30.621386], [103.553245, 30.620871], [103.551928, 30.619721], [103.550686, 30.618636], [103.548726, 30.616855], [103.548686, 30.616818], [103.548369, 30.616421], [103.546129, 30.613098], [103.546069, 30.613005], [103.544581, 30.610931], [103.54407, 30.610154], [103.543791, 30.609718], [103.543709, 30.609588], [103.543601, 30.60933], [103.543543, 30.609116], [103.543496, 30.608802], [103.54348, 30.60864], [103.543495, 30.608284], [103.543585, 30.607888], [103.543856, 30.606883], [103.544392, 30.604936], [103.544407, 30.604881], [103.544913, 30.603057], [103.545239, 30.601881], [103.545305, 30.601643], [103.545397, 30.601218], [103.545407, 30.601035], [103.545272, 30.6003], [103.545094, 30.599809], [103.5445, 30.598228], [103.54417, 30.597308], [103.5441, 30.59652], [103.544181, 30.595639], [103.54429, 30.594632], [103.54445, 30.592959], [103.544445, 30.592843], [103.544283, 30.59238], [103.543507, 30.590434], [103.542944, 30.588042], [103.542364, 30.58477], [103.541734, 30.581317], [103.54079, 30.576124], [103.540328, 30.573522], [103.53996, 30.572329], [103.539436, 30.571126], [103.538671, 30.569884], [103.537598, 30.568576], [103.536872, 30.567871], [103.535601, 30.566875], [103.535486, 30.566785], [103.535579, 30.566721], [103.535917, 30.566454], [103.537243, 30.56555], [103.537499, 30.565383], [103.538099, 30.564981], [103.538251, 30.564827], [103.538315, 30.564703], [103.538331, 30.564559], [103.538299, 30.564395], [103.538206, 30.564248], [103.538033, 30.564039], [103.5375, 30.563775], [103.537262, 30.563642], [103.535791, 30.56285], [103.531472, 30.560488], [103.526881, 30.557977], [103.526064, 30.557538], [103.525441, 30.557284], [103.525065, 30.55714], [103.524485, 30.55696], [103.523873, 30.5568], [103.523226, 30.556676], [103.522648, 30.556625], [103.521656, 30.556536], [103.520651, 30.556492], [103.507387, 30.556345], [103.505311, 30.556264], [103.502714, 30.555686], [103.500706, 30.554892], [103.499856, 30.554498], [103.498496, 30.553829], [103.496895, 30.552625], [103.496715, 30.552476], [103.496249, 30.55207], [103.495765, 30.551615], [103.495358, 30.551194], [103.494824, 30.550576], [103.494504, 30.550162], [103.494194, 30.549783], [103.490887, 30.544928], [103.484722, 30.536072], [103.482904, 30.532841], [103.481058, 30.529662], [103.480503, 30.528973], [103.479833, 30.528204], [103.478721, 30.52744], [103.477158, 30.526756], [103.475886, 30.526276], [103.475349, 30.526047], [103.474842, 30.525804], [103.474346, 30.525522], [103.473854, 30.525214], [103.473379, 30.524868], [103.472733, 30.52433], [103.472042, 30.523669], [103.470798, 30.522387], [103.469682, 30.521044], [103.468955, 30.520123], [103.46838, 30.519252], [103.468248, 30.519052], [103.467426, 30.517671], [103.465676, 30.513463], [103.464986, 30.510561], [103.464055, 30.507882], [103.463264, 30.506231], [103.46228, 30.504623], [103.461157, 30.50319], [103.46085, 30.502847], [103.459878, 30.501863], [103.458717, 30.500768], [103.458311, 30.5004], [103.456679, 30.498818], [103.455822, 30.498009], [103.455116, 30.497395], [103.454742, 30.497085], [103.45438, 30.496811], [103.453768, 30.496371], [103.452468, 30.49553], [103.451681, 30.495125], [103.45069, 30.494645], [103.449908, 30.494338], [103.448662, 30.493869], [103.447731, 30.493517], [103.447578, 30.49346], [103.446452, 30.493034], [103.445875, 30.492815], [103.439675, 30.490442], [103.43838, 30.489781], [103.437312, 30.489041], [103.436303, 30.4882], [103.435306, 30.486952], [103.434474, 30.485584], [103.43316, 30.482593], [103.432192, 30.480619], [103.431456, 30.479021], [103.431227, 30.47851], [103.430178, 30.476395], [103.42974, 30.475573], [103.429211, 30.474665], [103.429012, 30.474353], [103.428345, 30.473306], [103.428041, 30.472837], [103.426919, 30.471105], [103.425426, 30.46888], [103.424662, 30.467689], [103.424222, 30.466928], [103.423818, 30.466047], [103.423489, 30.465159], [103.423316, 30.464458], [103.423132, 30.463116], [103.42358, 30.459013], [103.423924, 30.4569], [103.424742, 30.453155], [103.426287, 30.448788], [103.427325, 30.445209], [103.427561, 30.444003], [103.427752, 30.442752], [103.427929, 30.440896], [103.427975, 30.438597], [103.427933, 30.437558], [103.427664, 30.431471], [103.427571, 30.429845], [103.427281, 30.423603], [103.426956, 30.418496], [103.426857, 30.417454], [103.426611, 30.415636], [103.426304, 30.413753], [103.425864, 30.411789], [103.425579, 30.410689], [103.425208, 30.409456], [103.424771, 30.408175], [103.424416, 30.4073], [103.423829, 30.406038], [103.42322, 30.404728], [103.423059, 30.404374], [103.423007, 30.404258], [103.422616, 30.403399], [103.422209, 30.402505], [103.421296, 30.400604], [103.421013, 30.400007], [103.417693, 30.392291], [103.417412, 30.391703], [103.416839, 30.390414], [103.416132, 30.388902], [103.415525, 30.387612], [103.414912, 30.386439], [103.414277, 30.385302], [103.413524, 30.384116], [103.412381, 30.382314], [103.412232, 30.382086], [103.411956, 30.381677], [103.411746, 30.381394], [103.411512, 30.381093], [103.410918, 30.380338], [103.410311, 30.37961], [103.409776, 30.378948], [103.409227, 30.378288], [103.408795, 30.377824], [103.407261, 30.376239], [103.40691, 30.375904], [103.405853, 30.374846], [103.404476, 30.373468], [103.403136, 30.372146], [103.4021, 30.371125], [103.397609, 30.366762], [103.394859, 30.363953], [103.393083, 30.36231], [103.391006, 30.360573], [103.38886, 30.359144], [103.386803, 30.357943], [103.386269, 30.357635], [103.383802, 30.356356], [103.380966, 30.354924], [103.375059, 30.351877], [103.371301, 30.349973], [103.368265, 30.348198], [103.364442, 30.345724], [103.359754, 30.342095], [103.358392, 30.340951], [103.357257, 30.33993], [103.356675, 30.339374], [103.355968, 30.338716], [103.35534, 30.338096], [103.355166, 30.337923], [103.354028, 30.33677], [103.352973, 30.335637], [103.351902, 30.334403], [103.350458, 30.332663], [103.345708, 30.326988], [103.345121, 30.326288], [103.345019, 30.326166], [103.344115, 30.3251], [103.343753, 30.324674], [103.342445, 30.323128], [103.341299, 30.321842], [103.340169, 30.320651], [103.338726, 30.31914], [103.337473, 30.317845], [103.336092, 30.316576], [103.334685, 30.3153], [103.333239, 30.314042], [103.331351, 30.312403], [103.329046, 30.310432], [103.327617, 30.309196], [103.325892, 30.307589], [103.325055, 30.30679], [103.324062, 30.305835], [103.322639, 30.304283], [103.321414, 30.302895], [103.320271, 30.301463], [103.319042, 30.299835], [103.317263, 30.297308], [103.316581, 30.296177], [103.315056, 30.29398], [103.314407, 30.293121], [103.314265, 30.29293], [103.313456, 30.291943], [103.31263, 30.291178], [103.311707, 30.290392], [103.310815, 30.289749], [103.309869, 30.289141], [103.309659, 30.289029], [103.308719, 30.288524], [103.307497, 30.287892], [103.30599, 30.287113], [103.305876, 30.287054], [103.302024, 30.285061], [103.300964, 30.284474], [103.29906, 30.283448], [103.297973, 30.282773], [103.296962, 30.281986], [103.296123, 30.28122], [103.29534, 30.280341], [103.294374, 30.279095], [103.292851, 30.277029], [103.29203, 30.275951], [103.291239, 30.275018], [103.290429, 30.274255], [103.289654, 30.273575], [103.288997, 30.27307], [103.288219, 30.272534], [103.288049, 30.272429], [103.285494, 30.270817], [103.283262, 30.269397], [103.281479, 30.268281], [103.281248, 30.268137], [103.276637, 30.265207], [103.273802, 30.263428], [103.272417, 30.262597], [103.271022, 30.2619], [103.269831, 30.261464], [103.268456, 30.261036], [103.266654, 30.26061], [103.265278, 30.260367], [103.263181, 30.259975], [103.261661, 30.259698], [103.259855, 30.259301], [103.258092, 30.25871], [103.256549, 30.258043], [103.254953, 30.257188], [103.253332, 30.256202], [103.2493, 30.253715], [103.249234, 30.253674], [103.245815, 30.251583], [103.245731, 30.251525], [103.243102, 30.249925], [103.2407, 30.248456], [103.239803, 30.247845], [103.238949, 30.247187], [103.238081, 30.246369], [103.237467, 30.2457], [103.236963, 30.245037], [103.236458, 30.244239], [103.236015, 30.243333], [103.235663, 30.242469], [103.235396, 30.241561], [103.235186, 30.240525], [103.235023, 30.239397], [103.234919, 30.238596], [103.234632, 30.236751], [103.234261, 30.234019], [103.233697, 30.229927], [103.233352, 30.227307], [103.233022, 30.225812], [103.23259, 30.22437], [103.232065, 30.223027], [103.231568, 30.222026], [103.231186, 30.221376], [103.230735, 30.220659], [103.230678, 30.220576], [103.228652, 30.217819], [103.226096, 30.214335], [103.224865, 30.212691], [103.224201, 30.2118], [103.22364, 30.211098], [103.223082, 30.210462], [103.222728, 30.21007], [103.22227, 30.209653], [103.221537, 30.208964], [103.220878, 30.208368], [103.219466, 30.207226], [103.218625, 30.206626], [103.217469, 30.205897], [103.216333, 30.205235], [103.215142, 30.204624], [103.213773, 30.204001], [103.210523, 30.202577], [103.208417, 30.201642], [103.206523, 30.200823], [103.205958, 30.200578], [103.199706, 30.197812], [103.19866, 30.197253], [103.197694, 30.196639], [103.196925, 30.195984], [103.196425, 30.195429], [103.195825, 30.194663], [103.195326, 30.193735], [103.195052, 30.192887], [103.194692, 30.191627], [103.194208, 30.188738], [103.193566, 30.184528], [103.193417, 30.182975], [103.193146, 30.181514], [103.19297, 30.179485], [103.192878, 30.17889], [103.192808, 30.178432], [103.192404, 30.175802], [103.191941, 30.173273], [103.191638, 30.172234], [103.190899, 30.169926], [103.190789, 30.16962], [103.190329, 30.16836], [103.190074, 30.167753], [103.188852, 30.165255], [103.188182, 30.163866], [103.187612, 30.162684], [103.187322, 30.162086], [103.186025, 30.15948], [103.18327, 30.15391], [103.181972, 30.151214], [103.181421, 30.1486], [103.181244, 30.147526], [103.180978, 30.145742], [103.180943, 30.145091], [103.180889, 30.142291], [103.180838, 30.137475], [103.180803, 30.132445], [103.180765, 30.132104], [103.180609, 30.131618], [103.18048, 30.13128], [103.180282, 30.130853], [103.179968, 30.130395], [103.17978, 30.130167], [103.17956, 30.129952], [103.179155, 30.129651], [103.178648, 30.129355], [103.178104, 30.129101], [103.177413, 30.128866], [103.176311, 30.128533], [103.175664, 30.128339], [103.174212, 30.12787], [103.171917, 30.12728], [103.170293, 30.126804], [103.169044, 30.126418], [103.168185, 30.126069], [103.16728, 30.125623], [103.16632, 30.125075], [103.165711, 30.12467], [103.165251, 30.124321], [103.164151, 30.123441], [103.162523, 30.122162], [103.162147, 30.121884], [103.161559, 30.121506], [103.161152, 30.12126], [103.160547, 30.120925], [103.159746, 30.120573], [103.158086, 30.119907], [103.156917, 30.119381], [103.15641, 30.119153], [103.155807, 30.11886], [103.155368, 30.118616], [103.1546, 30.118129], [103.153771, 30.117514], [103.152868, 30.116712], [103.152384, 30.116222], [103.151625, 30.115254], [103.150235, 30.11345], [103.149538, 30.112522], [103.148752, 30.111687], [103.147859, 30.110899], [103.146829, 30.110193], [103.145746, 30.109554], [103.144685, 30.108862], [103.14364, 30.108091], [103.142717, 30.107197], [103.141969, 30.10619], [103.141412, 30.105129], [103.140993, 30.104008], [103.138963, 30.097267], [103.13817, 30.094946], [103.137628, 30.093842], [103.136957, 30.092789], [103.136133, 30.091818], [103.134386, 30.090124], [103.126237, 30.082892], [103.125299, 30.08211], [103.124261, 30.081379], [103.123155, 30.080734], [103.122034, 30.080256], [103.120775, 30.079809], [103.116991, 30.078796], [103.11577, 30.078348], [103.114587, 30.077755], [103.113527, 30.077145], [103.112573, 30.076489], [103.111688, 30.075749], [103.110841, 30.074926], [103.110071, 30.074038], [103.107403, 30.070626], [103.106778, 30.069863], [103.106492, 30.069458], [103.105624, 30.068478], [103.105486, 30.068331], [103.104536, 30.067355], [103.104206, 30.067093], [103.103422, 30.066443], [103.102541, 30.065763], [103.102112, 30.065473], [103.101669, 30.065199], [103.101138, 30.064863], [103.100593, 30.064556], [103.100056, 30.064248], [103.099516, 30.063987], [103.098793, 30.063633], [103.098188, 30.063377], [103.097498, 30.063111], [103.096587, 30.062799], [103.095712, 30.062547], [103.094943, 30.062346], [103.094334, 30.062209], [103.08983, 30.061283], [103.089212, 30.061122], [103.088506, 30.060911], [103.087998, 30.060732], [103.087396, 30.060465], [103.086923, 30.060227], [103.086444, 30.059954], [103.086033, 30.05969], [103.08574, 30.059478], [103.08532, 30.059154], [103.085003, 30.05889], [103.084806, 30.058713], [103.084469, 30.058329], [103.083928, 30.057702], [103.0828, 30.056309], [103.082574, 30.056062], [103.0823, 30.055787], [103.081948, 30.055467], [103.081664, 30.055243], [103.081371, 30.055037], [103.081167, 30.054898], [103.080585, 30.054559], [103.079981, 30.054273], [103.079455, 30.054038], [103.078981, 30.053862], [103.078511, 30.05372], [103.077987, 30.053571], [103.077314, 30.053414], [103.07583, 30.053122], [103.074678, 30.052904], [103.073618, 30.052691], [103.072488, 30.052498], [103.070816, 30.052151], [103.070188, 30.052013], [103.069758, 30.051909], [103.068587, 30.05148], [103.067836, 30.051123], [103.067138, 30.050795], [103.066885, 30.050638], [103.066154, 30.050192], [103.065891, 30.050067], [103.065569, 30.049943], [103.065013, 30.049782], [103.064501, 30.049697], [103.063956, 30.049672], [103.063619, 30.049699], [103.062813, 30.0498], [103.058691, 30.050018], [103.057937, 30.050049], [103.057573, 30.050035], [103.057219, 30.049993], [103.056885, 30.049929], [103.056457, 30.049821], [103.056002, 30.049678], [103.055534, 30.04945], [103.054988, 30.049129], [103.054399, 30.048653], [103.053689, 30.048117], [103.053138, 30.047794], [103.052679, 30.047637], [103.051967, 30.047429], [103.051512, 30.047378], [103.050941, 30.047382], [103.049752, 30.047521], [103.049115, 30.047549], [103.048598, 30.047504], [103.048143, 30.047428], [103.047217, 30.047075], [103.046462, 30.046613], [103.046077, 30.046287], [103.045767, 30.045945], [103.045259, 30.045153], [103.044931, 30.04422], [103.04458, 30.043282], [103.044221, 30.042309], [103.043863, 30.041336], [103.043329, 30.040402], [103.042589, 30.039536], [103.041757, 30.038706], [103.040926, 30.037914], [103.040102, 30.037151], [103.039278, 30.036356], [103.038461, 30.035574], [103.037553, 30.034861], [103.036439, 30.034344], [103.035204, 30.034067], [103.034645, 30.034009], [103.033907, 30.034025], [103.0331, 30.034149], [103.032343, 30.034369], [103.031404, 30.03479], [103.030199, 30.035378], [103.029276, 30.035827], [103.028736, 30.03606], [103.02815, 30.036315], [103.027792, 30.036458], [103.02737, 30.036558], [103.027045, 30.036599], [103.026782, 30.036619], [103.026116, 30.036625], [103.025716, 30.036587], [103.025385, 30.03652], [103.024925, 30.036396], [103.024483, 30.036237], [103.023917, 30.035913], [103.023471, 30.035592], [103.023047, 30.035152], [103.022613, 30.034498], [103.022133, 30.033424], [103.021638, 30.032364], [103.020982, 30.031445], [103.020267, 30.030831], [103.019598, 30.030461], [103.018899, 30.030209], [103.017633, 30.029993], [103.016297, 30.029893], [103.015753, 30.029825], [103.015398, 30.029766], [103.015017, 30.029682], [103.014643, 30.029573], [103.014365, 30.029461], [103.014099, 30.029328], [103.013799, 30.029158], [103.013566, 30.029005], [103.013315, 30.028799], [103.013123, 30.028621], [103.012875, 30.028353], [103.01266, 30.028083], [103.008638, 30.021956], [103.008462, 30.021697], [103.008299, 30.021478], [103.008128, 30.021278], [103.007899, 30.021032], [103.007605, 30.020738], [103.007324, 30.02047], [103.007031, 30.020219], [103.006721, 30.019973], [103.006309, 30.019683], [103.005826, 30.019364], [103.00549, 30.019155], [103.005103, 30.018943], [103.004699, 30.018738], [103.004247, 30.018523], [103.00388, 30.018356], [103.003458, 30.018175], [103.002961, 30.018032], [103.002432, 30.017909], [103.001889, 30.017801], [103.001278, 30.017723], [103.000741, 30.017656], [103.00018, 30.01763], [102.999734, 30.017611], [102.999255, 30.017626], [102.998715, 30.017658], [102.998231, 30.017697], [102.99775, 30.017758], [102.995764, 30.018094], [102.995633, 30.018115], [102.993516, 30.018456], [102.99296, 30.018534], [102.992446, 30.018568], [102.992017, 30.01857], [102.991603, 30.018546], [102.991147, 30.018483], [102.990611, 30.018379], [102.990198, 30.018274], [102.989852, 30.018152], [102.989426, 30.01796], [102.988882, 30.017652], [102.988382, 30.0173], [102.98801, 30.016983], [102.986908, 30.015971], [102.986518, 30.015598], [102.9861, 30.01514], [102.985672, 30.014604], [102.985359, 30.014145], [102.985011, 30.013573], [102.984626, 30.012869], [102.98108, 30.005463], [102.980563, 30.004507], [102.980136, 30.003769], [102.979908, 30.00339], [102.979499, 30.002803], [102.979062, 30.002219], [102.978417, 30.001341], [102.974841, 29.996613], [102.973374, 29.994694], [102.972552, 29.993718], [102.972167, 29.993387], [102.971658, 29.993009], [102.9712, 29.992729], [102.971, 29.992637], [102.97055, 29.992435], [102.9668, 29.991025], [102.966073, 29.990738], [102.965713, 29.990559], [102.965126, 29.990212], [102.964611, 29.989824], [102.964162, 29.989415], [102.963449, 29.988661], [102.962512, 29.98772], [102.961609, 29.986716], [102.961368, 29.986466], [102.960954, 29.986048], [102.96063, 29.985731], [102.96023, 29.985369], [102.959721, 29.984968], [102.959106, 29.984556], [102.958301, 29.984018], [102.958007, 29.983783], [102.957834, 29.983639], [102.95764, 29.983475], [102.957491, 29.983317], [102.957365, 29.983176], [102.957215, 29.98301], [102.957085, 29.982833], [102.95693, 29.98265], [102.956743, 29.98237], [102.956642, 29.98222], [102.95655, 29.982077], [102.956392, 29.981825], [102.956165, 29.981501], [102.956126, 29.981419], [102.956095, 29.981356], [102.955981, 29.98112], [102.955862, 29.980804], [102.955752, 29.980497], [102.955672, 29.980264], [102.95555, 29.979904], [102.955456, 29.979605], [102.955378, 29.979362], [102.955315, 29.979192], [102.955198, 29.978977], [102.955159, 29.978897], [102.955106, 29.978806], [102.955056, 29.978725], [102.954991, 29.978636], [102.95491, 29.978542], [102.954827, 29.978457], [102.954749, 29.978387], [102.954662, 29.978313], [102.95461, 29.978277], [102.954442, 29.978194], [102.954283, 29.978105], [102.953812, 29.977902], [102.953593, 29.97784], [102.953348, 29.977787], [102.953167, 29.977754], [102.95301, 29.977729], [102.952708, 29.977681], [102.952485, 29.977664], [102.952257, 29.977648], [102.952107, 29.977638], [102.951915, 29.977624], [102.951794, 29.977624], [102.951519, 29.977623], [102.951232, 29.977635], [102.950808, 29.977658], [102.950368, 29.977725], [102.94753, 29.978285], [102.946367, 29.97852], [102.945661, 29.978649], [102.94472, 29.978822], [102.944546, 29.978866], [102.944353, 29.978915], [102.944136, 29.978979], [102.94398, 29.979029], [102.943871, 29.979066], [102.943574, 29.979169], [102.943411, 29.979233], [102.943242, 29.979302], [102.943111, 29.979357], [102.94298, 29.979414], [102.942809, 29.979494], [102.942667, 29.979567], [102.942546, 29.979635], [102.94243, 29.979709], [102.942319, 29.979785], [102.942217, 29.979861], [102.942127, 29.979936], [102.940564, 29.981196], [102.93805, 29.983156], [102.937898, 29.983285], [102.935449, 29.98524], [102.934919, 29.985707], [102.934563, 29.985991], [102.934043, 29.986417], [102.933748, 29.986645], [102.933388, 29.986928], [102.9331, 29.987138], [102.932783, 29.987356], [102.932466, 29.987544], [102.932081, 29.987779], [102.931847, 29.987909], [102.931432, 29.988134], [102.930254, 29.988681], [102.929048, 29.989147], [102.923194, 29.991221], [102.916705, 29.993375], [102.910826, 29.995304], [102.905071, 29.997195], [102.89963, 29.998989], [102.8919, 30.00156], [102.889292, 30.002428], [102.888251, 30.00278], [102.886735, 30.003273], [102.885316, 30.00364], [102.883682, 30.003813], [102.883409, 30.003799], [102.883216, 30.003791], [102.88308, 30.003787], [102.882936, 30.003779], [102.882753, 30.003768], [102.882552, 30.003754], [102.882396, 30.003745], [102.882193, 30.003736], [102.881953, 30.00372], [102.881762, 30.003707], [102.881538, 30.003688], [102.881271, 30.003653], [102.880988, 30.003604], [102.880755, 30.003554], [102.880426, 30.003477], [102.880103, 30.003383], [102.879779, 30.003292], [102.879455, 30.00317], [102.879132, 30.002989], [102.878754, 30.002801], [102.878349, 30.002573], [102.877983, 30.002355], [102.877578, 30.002099], [102.877292, 30.00192], [102.876949, 30.001709], [102.876621, 30.001497], [102.87644, 30.001391], [102.876112, 30.001216], [102.875805, 30.001062], [102.875536, 30.000958], [102.875192, 30.000862], [102.874964, 30.000801], [102.874632, 30.000713], [102.874282, 30.000645], [102.873941, 30.000579], [102.873605, 30.000552], [102.873377, 30.000536], [102.873167, 30.000522], [102.87277, 30.000515], [102.87251, 30.000506], [102.872057, 30.000503], [102.871654, 30.000501], [102.870248, 30.00055], [102.865759, 30.000706], [102.864025, 30.000724], [102.863632, 30.000748], [102.863154, 30.000741], [102.862281, 30.000692], [102.861764, 30.000643], [102.860869, 30.000546], [102.86024, 30.000453], [102.859809, 30.000415], [102.85887, 30.00033], [102.857791, 30.000224], [102.85687, 30.000116], [102.85659, 30.000079], [102.856414, 30.00004], [102.85621, 29.999983], [102.856014, 29.99993], [102.855768, 29.999845], [102.855542, 29.999754], [102.855424, 29.999703], [102.855291, 29.999639], [102.855096, 29.999541], [102.854865, 29.999406], [102.854555, 29.999224], [102.85422, 29.999033], [102.853941, 29.99886], [102.853703, 29.998727], [102.853458, 29.998595], [102.853196, 29.998463], [102.852954, 29.998349], [102.852727, 29.998263], [102.852427, 29.998158], [102.852093, 29.998075], [102.851348, 29.997967], [102.850595, 29.997934], [102.849865, 29.99797], [102.849265, 29.998063], [102.848755, 29.99817], [102.848303, 29.998333], [102.847685, 29.998565], [102.846706, 29.998927], [102.845482, 29.999467], [102.844691, 29.999985], [102.844385, 30.000183], [102.844146, 30.000337], [102.843796, 30.0006], [102.84343, 30.000867], [102.842795, 30.001369], [102.841702, 30.002387], [102.84068, 30.003367], [102.839885, 30.004215], [102.839565, 30.004524], [102.839296, 30.004758], [102.838942, 30.005082], [102.838659, 30.005329], [102.838433, 30.005534], [102.838286, 30.005653], [102.838158, 30.005758], [102.837992, 30.005877], [102.837767, 30.006021], [102.83741, 30.006226], [102.837077, 30.006404], [102.836812, 30.006539], [102.836379, 30.006712], [102.836126, 30.006791], [102.835674, 30.006909], [102.835273, 30.006988], [102.834899, 30.007056], [102.834546, 30.007111], [102.834137, 30.007155], [102.833741, 30.007169], [102.833007, 30.007211], [102.832489, 30.007243], [102.832133, 30.007265], [102.831916, 30.007289], [102.831592, 30.007332], [102.831384, 30.007363], [102.830755, 30.007516], [102.830384, 30.007659], [102.829804, 30.007925], [102.829459, 30.00808], [102.829031, 30.00826], [102.82863, 30.008403], [102.828223, 30.008556], [102.827783, 30.008697], [102.827401, 30.008805], [102.826901, 30.00893], [102.825306, 30.009283], [102.824788, 30.009403], [102.824381, 30.009524], [102.823786, 30.009715], [102.823186, 30.00996], [102.822693, 30.010168], [102.821929, 30.01053], [102.821076, 30.010966], [102.820379, 30.011307], [102.819263, 30.011886], [102.818746, 30.012156], [102.818657, 30.012202], [102.81805, 30.012518], [102.817688, 30.012694], [102.81727, 30.012873], [102.816825, 30.013059], [102.816328, 30.013261], [102.814753, 30.013854], [102.81413, 30.014087], [102.813713, 30.014246], [102.813465, 30.014343], [102.813134, 30.014494], [102.812762, 30.014688], [102.812441, 30.014871], [102.812305, 30.014953], [102.81216, 30.01504], [102.811831, 30.01526], [102.8115, 30.015506], [102.811274, 30.015705], [102.811263, 30.015715], [102.811083, 30.015886], [102.810961, 30.016024], [102.810884, 30.016111], [102.81074, 30.016282], [102.810642, 30.016398], [102.810441, 30.016675], [102.810233, 30.016984], [102.809965, 30.01743], [102.8098, 30.01772], [102.809646, 30.018067], [102.809224, 30.019144], [102.809104, 30.019432], [102.808984, 30.019683], [102.808886, 30.019875], [102.80883, 30.019984], [102.808694, 30.020195], [102.808485, 30.020502], [102.80769, 30.021649], [102.807542, 30.0219], [102.807388, 30.022175], [102.807237, 30.022463], [102.807095, 30.022783], [102.806984, 30.023098], [102.806834, 30.023524], [102.806615, 30.024137], [102.806531, 30.024355], [102.806459, 30.024517], [102.806424, 30.024574], [102.806365, 30.02467], [102.80626, 30.024838], [102.806045, 30.025176], [102.805898, 30.025388], [102.805721, 30.025631], [102.805506, 30.025881], [102.805275, 30.026152], [102.804985, 30.026449], [102.800056, 30.03148], [102.797811, 30.033772], [102.797054, 30.034544], [102.796674, 30.034884], [102.796295, 30.035182], [102.795864, 30.035454], [102.795333, 30.035721], [102.794641, 30.03601], [102.79405, 30.036213], [102.791438, 30.0368], [102.789567, 30.0372], [102.787954, 30.037586], [102.786441, 30.038081], [102.784832, 30.038669], [102.783456, 30.039282], [102.781974, 30.040055], [102.770479, 30.046714], [102.769985, 30.046958], [102.769514, 30.047161], [102.768858, 30.047378], [102.767862, 30.047585], [102.7664, 30.04789], [102.765978, 30.047988], [102.765526, 30.04813], [102.765066, 30.048299], [102.764645, 30.048474], [102.764263, 30.048678], [102.763935, 30.048854], [102.763605, 30.049052], [102.763072, 30.049449], [102.762464, 30.049929], [102.761972, 30.050311], [102.761628, 30.05055], [102.761288, 30.050767], [102.760955, 30.050958], [102.760574, 30.051138], [102.760257, 30.051269], [102.759911, 30.051376], [102.759462, 30.051475], [102.758961, 30.051567], [102.758466, 30.051613], [102.757932, 30.051633], [102.757596, 30.051614], [102.757199, 30.051559], [102.756856, 30.051499], [102.754464, 30.050996], [102.753856, 30.050869], [102.752036, 30.05045], [102.751446, 30.050284], [102.750939, 30.050126], [102.750509, 30.049968], [102.75004, 30.049797], [102.74973, 30.049678], [102.749405, 30.049524], [102.749069, 30.049362], [102.748696, 30.049167], [102.748269, 30.048926], [102.747885, 30.048692], [102.74757, 30.048496], [102.74706, 30.048134], [102.746608, 30.047785], [102.746231, 30.047449], [102.745948, 30.047164], [102.745643, 30.046812], [102.745265, 30.046348], [102.745091, 30.046095], [102.739158, 30.036614], [102.737806, 30.034454], [102.737579, 30.034114], [102.737346, 30.033816], [102.737057, 30.033471], [102.736724, 30.033098], [102.736395, 30.032785], [102.736041, 30.032489], [102.735651, 30.032218], [102.735342, 30.032007], [102.735025, 30.031824], [102.734565, 30.03161], [102.734127, 30.031419], [102.733501, 30.031208], [102.733109, 30.03111], [102.732341, 30.030932], [102.72936, 30.030298], [102.727715, 30.029964], [102.727398, 30.02989], [102.727032, 30.029794], [102.726721, 30.029694], [102.726299, 30.029524], [102.725872, 30.029327], [102.725552, 30.02916], [102.72522, 30.028968], [102.724931, 30.028789], [102.724628, 30.028586], [102.723067, 30.02736], [102.722902, 30.02725], [102.722714, 30.027141], [102.722517, 30.027046], [102.722304, 30.026959], [102.722166, 30.026903], [102.721888, 30.026812], [102.721579, 30.02672], [102.721225, 30.026651], [102.72085, 30.026617], [102.719791, 30.02662], [102.719599, 30.026627], [102.719337, 30.02664], [102.719033, 30.026671], [102.718699, 30.026702], [102.718411, 30.026715], [102.718123, 30.026711], [102.717854, 30.026688], [102.717558, 30.026651], [102.717228, 30.0266], [102.716834, 30.026526], [102.716388, 30.026423], [102.715367, 30.026114], [102.714803, 30.025954], [102.714454, 30.025875], [102.714047, 30.025804], [102.713638, 30.025768], [102.7133, 30.025765], [102.713003, 30.025791], [102.712106, 30.025889], [102.709883, 30.02624], [102.708837, 30.026411], [102.707791, 30.026603], [102.7073, 30.026669], [102.706794, 30.026701], [102.706265, 30.02671], [102.705699, 30.02669], [102.705016, 30.026606], [102.703653, 30.026387], [102.699559, 30.025758], [102.69736, 30.025513], [102.69511, 30.025266], [102.694238, 30.025192], [102.69307, 30.025168], [102.691963, 30.025252], [102.690813, 30.0254], [102.674277, 30.027905], [102.673808, 30.027958], [102.673248, 30.027978], [102.67258, 30.027937], [102.671846, 30.027829], [102.671097, 30.027643], [102.670271, 30.027309], [102.669603, 30.02693], [102.669147, 30.026559], [102.668807, 30.026219], [102.668402, 30.025645], [102.668171, 30.025214], [102.66792, 30.024709], [102.666762, 30.022244], [102.666506, 30.021799], [102.666195, 30.021352], [102.665778, 30.020868], [102.665345, 30.02049], [102.664861, 30.020137], [102.664335, 30.019833], [102.663789, 30.019581], [102.663328, 30.019405], [102.662825, 30.019255], [102.662248, 30.019115], [102.66151, 30.019002], [102.660848, 30.018932], [102.660074, 30.018901], [102.65931, 30.018916], [102.658448, 30.018988], [102.657518, 30.019141], [102.656487, 30.019377], [102.651039, 30.020572], [102.649813, 30.020787], [102.649131, 30.020856], [102.648537, 30.020867], [102.647968, 30.020837], [102.646546, 30.02068], [102.645548, 30.020638], [102.644878, 30.020627], [102.644209, 30.020658], [102.643621, 30.020716], [102.641531, 30.02096], [102.638207, 30.021422], [102.636912, 30.02169], [102.635762, 30.022035], [102.634544, 30.022528], [102.599364, 30.039108], [102.598431, 30.039495], [102.597416, 30.039797], [102.596504, 30.039988], [102.59596, 30.040078], [102.595419, 30.040153], [102.594814, 30.0402], [102.594305, 30.040206], [102.593684, 30.040177], [102.593026, 30.040104], [102.592525, 30.040014], [102.589888, 30.039468], [102.587978, 30.039072], [102.587301, 30.038998], [102.586707, 30.038954], [102.586118, 30.038934], [102.580426, 30.038939], [102.579875, 30.038915], [102.579315, 30.03885], [102.578808, 30.038759], [102.578368, 30.038642], [102.578051, 30.038536], [102.57773, 30.038402], [102.577434, 30.038258], [102.577157, 30.038099], [102.576907, 30.037937], [102.57581, 30.037166], [102.575259, 30.036827], [102.57475, 30.036548], [102.572932, 30.035654], [102.572272, 30.035314], [102.571692, 30.034981], [102.571127, 30.034605], [102.570676, 30.034262], [102.570316, 30.033925], [102.569904, 30.033451], [102.569139, 30.032544], [102.568784, 30.032145], [102.568481, 30.031816], [102.56814, 30.031493], [102.565178, 30.028875], [102.563027, 30.026932], [102.562616, 30.026554], [102.562226, 30.026179], [102.561903, 30.025828], [102.561623, 30.02546], [102.561396, 30.02515], [102.560493, 30.023818], [102.5603, 30.023547], [102.559768, 30.022762], [102.558254, 30.020432], [102.557978, 30.02005], [102.557657, 30.019651], [102.557365, 30.019312], [102.556955, 30.018935], [102.556611, 30.018679], [102.556243, 30.018423], [102.555875, 30.018214], [102.555485, 30.018036], [102.555183, 30.017923], [102.554868, 30.017825], [102.553389, 30.017356], [102.552613, 30.017043], [102.551981, 30.016748], [102.551384, 30.016433], [102.550676, 30.016019], [102.548159, 30.01452], [102.547197, 30.01401], [102.545773, 30.013235], [102.545481, 30.013074], [102.544956, 30.012779], [102.544742, 30.012677], [102.544545, 30.012598], [102.544385, 30.012556], [102.54414, 30.012513], [102.543881, 30.012502], [102.543746, 30.012517], [102.543532, 30.012551], [102.543299, 30.012608], [102.543106, 30.012666], [102.542969, 30.012708], [102.542832, 30.012721], [102.542681, 30.012738], [102.542502, 30.012732], [102.542336, 30.012694], [102.542184, 30.012631], [102.542062, 30.012546], [102.541942, 30.012417], [102.541861, 30.012272], [102.541827, 30.012135], [102.541818, 30.01194], [102.541812, 30.011429], [102.541788, 30.010981], [102.541749, 30.010823], [102.541682, 30.010686], [102.541599, 30.010591], [102.541468, 30.010477], [102.541344, 30.010424], [102.541187, 30.010381], [102.540642, 30.010303], [102.540089, 30.010241], [102.53955, 30.010189], [102.539386, 30.010167], [102.539225, 30.010159], [102.538901, 30.010128], [102.539157, 30.010078], [102.539459, 30.01006], [102.540086, 30.010107], [102.540666, 30.010167], [102.541124, 30.010246], [102.541407, 30.01031], [102.541718, 30.010381], [102.541877, 30.01045], [102.542062, 30.01056], [102.542352, 30.010756], [102.542651, 30.010974], [102.542893, 30.011179], [102.543112, 30.011372], [102.5432, 30.01145], [102.543554, 30.011757], [102.5438, 30.011926], [102.54403, 30.012071], [102.544306, 30.012209], [102.54473, 30.012409], [102.545105, 30.01259], [102.545421, 30.01279], [102.546037, 30.013127], [102.550748, 30.015954], [102.551437, 30.016359], [102.552031, 30.016677], [102.552648, 30.016965], [102.553401, 30.017266], [102.554893, 30.017728], [102.555444, 30.017923], [102.555777, 30.018062], [102.556066, 30.018205], [102.556337, 30.018376], [102.55671, 30.018634], [102.55704, 30.018895], [102.557397, 30.01922], [102.557581, 30.019433], [102.557777, 30.019659], [102.558059, 30.020024], [102.558331, 30.020395], [102.559871, 30.022727], [102.560382, 30.023514], [102.560567, 30.023765], [102.561652, 30.025278], [102.561939, 30.025656], [102.56225, 30.026032], [102.562476, 30.026272], [102.562903, 30.026673], [102.565378, 30.028752], [102.567839, 30.0308], [102.568219, 30.031128], [102.568555, 30.031433], [102.568845, 30.031738], [102.56916, 30.032134], [102.569742, 30.03294], [102.570077, 30.033384], [102.570352, 30.033717], [102.570679, 30.034058], [102.57103, 30.03435], [102.571367, 30.034601], [102.571893, 30.034957], [102.572377, 30.035239], [102.572928, 30.035529], [102.574392, 30.036251], [102.575009, 30.036564], [102.575527, 30.036857], [102.576013, 30.037161], [102.57714, 30.037967], [102.577362, 30.038099], [102.577597, 30.038224], [102.577816, 30.038322], [102.578091, 30.038432], [102.578467, 30.038563], [102.578838, 30.038663], [102.57929, 30.038753], [102.57978, 30.038811], [102.580374, 30.038842], [102.586216, 30.038827], [102.586767, 30.038851], [102.587311, 30.038891], [102.587903, 30.038958], [102.589909, 30.039349], [102.592792, 30.039911], [102.593033, 30.03994], [102.593632, 30.040011], [102.594383, 30.040045], [102.594932, 30.040018], [102.595406, 30.039978], [102.595875, 30.03992], [102.596397, 30.039828], [102.597363, 30.039613], [102.598215, 30.03935], [102.599102, 30.038995], [102.634892, 30.021969], [102.636481, 30.021396], [102.637634, 30.021145], [102.6387, 30.021018], [102.641597, 30.020771], [102.644118, 30.020554], [102.644939, 30.02051], [102.645586, 30.020522], [102.646331, 30.020587], [102.647706, 30.020726], [102.648272, 30.020772], [102.64889, 30.020768], [102.649915, 30.02067], [102.650783, 30.020519], [102.656385, 30.019294], [102.657418, 30.019064], [102.658359, 30.018899], [102.65912, 30.018829], [102.659907, 30.018792], [102.660716, 30.018816], [102.661451, 30.018887], [102.662199, 30.018985], [102.662784, 30.0191], [102.663323, 30.019267], [102.663836, 30.019441], [102.664482, 30.019743], [102.665041, 30.020084], [102.66557, 30.020487], [102.666032, 30.020943], [102.666384, 30.021378], [102.666679, 30.021823], [102.666893, 30.022229], [102.667954, 30.024578], [102.668311, 30.025244], [102.668514, 30.025573], [102.668704, 30.025825], [102.668989, 30.026148], [102.669338, 30.026463], [102.669655, 30.0267], [102.670003, 30.026918], [102.670446, 30.027126], [102.670988, 30.02735], [102.67154, 30.027515], [102.672151, 30.027641], [102.672736, 30.027698], [102.673234, 30.027719], [102.67377, 30.027708], [102.674252, 30.027653], [102.690839, 30.025105], [102.691893, 30.024958], [102.692971, 30.024846], [102.693984, 30.024818], [102.695026, 30.024902], [102.697495, 30.025233], [102.703885, 30.026327], [102.705181, 30.026537], [102.705612, 30.026589], [102.706002, 30.026612], [102.706387, 30.026618], [102.706945, 30.026599], [102.707444, 30.026548], [102.708837, 30.02632], [102.709867, 30.026147], [102.712084, 30.025806], [102.712925, 30.025706], [102.713124, 30.025684], [102.713314, 30.025674], [102.713557, 30.025675], [102.71377, 30.025686], [102.714028, 30.025714], [102.714303, 30.025753], [102.714573, 30.025807], [102.714976, 30.025902], [102.715428, 30.026035], [102.71644, 30.026337], [102.716839, 30.026436], [102.717216, 30.026506], [102.717564, 30.026564], [102.717816, 30.026596], [102.718045, 30.026615], [102.718301, 30.026626], [102.718561, 30.026616], [102.718809, 30.026602], [102.719134, 30.026572], [102.71934, 30.02655], [102.719596, 30.026531], [102.719804, 30.026523], [102.720875, 30.026523], [102.721271, 30.026561], [102.721546, 30.026613], [102.721891, 30.026702], [102.722233, 30.02682], [102.722485, 30.026923], [102.722769, 30.027065], [102.723019, 30.027203], [102.723288, 30.027384], [102.724514, 30.028366], [102.724874, 30.028613], [102.725254, 30.028854], [102.725735, 30.029127], [102.726073, 30.029302], [102.72646, 30.029487], [102.726849, 30.029636], [102.727259, 30.02976], [102.727655, 30.029853], [102.729406, 30.030226], [102.732456, 30.030847], [102.73297, 30.030952], [102.734065, 30.031238], [102.734481, 30.031392], [102.734777, 30.031507], [102.734969, 30.031584], [102.735108, 30.031645], [102.735244, 30.031711], [102.735388, 30.031793], [102.73573, 30.031999], [102.73582, 30.032056], [102.735862, 30.032052], [102.735911, 30.032042], [102.735971, 30.032018], [102.73614, 30.031939], [102.736227, 30.032048], [102.736345, 30.032148], [102.736707, 30.032455], [102.73687, 30.032931], [102.737093, 30.033178], [102.737266, 30.033386], [102.737434, 30.033606], [102.737582, 30.033806], [102.737717, 30.034005], [102.737871, 30.034243], [102.738022, 30.034494], [102.738172, 30.034759], [102.738321, 30.035033], [102.738433, 30.035264], [102.738497, 30.035391], [102.74511, 30.045935], [102.745235, 30.046128], [102.745373, 30.046314], [102.745581, 30.046586], [102.745734, 30.046773], [102.7459, 30.046971], [102.746063, 30.047148], [102.746239, 30.047327], [102.746414, 30.047488], [102.746657, 30.047697], [102.746868, 30.047864], [102.747101, 30.048045], [102.747393, 30.048255], [102.747589, 30.048394], [102.747906, 30.048598], [102.748118, 30.04873], [102.748401, 30.048894], [102.748968, 30.049166], [102.749323, 30.049324], [102.749757, 30.0495], [102.750069, 30.049613], [102.750414, 30.04974], [102.750535, 30.049777], [102.750639, 30.049802], [102.750774, 30.049831], [102.750887, 30.049849], [102.751001, 30.049856], [102.751119, 30.049852], [102.751226, 30.049831], [102.751325, 30.049793], [102.751419, 30.04974], [102.751484, 30.049688], [102.751536, 30.049629], [102.751563, 30.049577], [102.751595, 30.049501], [102.75162, 30.049399], [102.751608, 30.049263], [102.751578, 30.049175], [102.751545, 30.049103], [102.751488, 30.049022], [102.751409, 30.048946], [102.751314, 30.048881], [102.751219, 30.048835], [102.751111, 30.048796], [102.750998, 30.048771], [102.750918, 30.048772], [102.750821, 30.04878], [102.750752, 30.048793], [102.750681, 30.048804], [102.750576, 30.048841], [102.750509, 30.04887], [102.750449, 30.048898], [102.750384, 30.048937], [102.75031, 30.048989], [102.750249, 30.049037], [102.750192, 30.04909], [102.750148, 30.049141], [102.750088, 30.049215], [102.750023, 30.049313], [102.749987, 30.049388], [102.749951, 30.04947], [102.749923, 30.049542], [102.749889, 30.04966], [102.749865, 30.049767], [102.749848, 30.049881], [102.749837, 30.049977], [102.749837, 30.050082], [102.74986, 30.050218], [102.749877, 30.050299], [102.749931, 30.050466], [102.750043, 30.050716], [102.750177, 30.050981], [102.750297, 30.051176], [102.750433, 30.051353], [102.75059, 30.05153], [102.750789, 30.051722], [102.750856, 30.051785], [102.751221, 30.052058], [102.751406, 30.052218], [102.751534, 30.052353], [102.751722, 30.052559], [102.751755, 30.052597], [102.751876, 30.052752], [102.751956, 30.052973], [102.752165, 30.053236], [102.752404, 30.053502], [102.75233, 30.053537], [102.752222, 30.053422], [102.752059, 30.053261], [102.7517, 30.052925], [102.751565, 30.052782], [102.751396, 30.052598], [102.751276, 30.052468], [102.750905, 30.052048], [102.750136, 30.051264], [102.749315, 30.050262], [102.749065, 30.049948], [102.748768, 30.049595], [102.74854, 30.049347], [102.748304, 30.049133], [102.748078, 30.048957], [102.747805, 30.04876], [102.74747, 30.048519], [102.747117, 30.048257], [102.746768, 30.04799], [102.746503, 30.047768], [102.746248, 30.047515], [102.746053, 30.047298], [102.745948, 30.047164], [102.745643, 30.046812], [102.745265, 30.046348], [102.745091, 30.046095], [102.739158, 30.036614], [102.737806, 30.034454], [102.737579, 30.034114], [102.737346, 30.033816], [102.737057, 30.033471], [102.736724, 30.033098], [102.736395, 30.032785], [102.736041, 30.032489], [102.735651, 30.032218], [102.735342, 30.032007], [102.735025, 30.031824], [102.734565, 30.03161], [102.734127, 30.031419], [102.733501, 30.031208], [102.733109, 30.03111], [102.732341, 30.030932], [102.72936, 30.030298], [102.727715, 30.029964], [102.727398, 30.02989], [102.727032, 30.029794], [102.726721, 30.029694], [102.726299, 30.029524], [102.725872, 30.029327], [102.725552, 30.02916], [102.72522, 30.028968], [102.724931, 30.028789], [102.724628, 30.028586], [102.723067, 30.02736], [102.722902, 30.02725], [102.722714, 30.027141], [102.722517, 30.027046], [102.722304, 30.026959], [102.722166, 30.026903], [102.721888, 30.026812], [102.721579, 30.02672], [102.721225, 30.026651], [102.72085, 30.026617], [102.719791, 30.02662], [102.719599, 30.026627], [102.719337, 30.02664], [102.719033, 30.026671], [102.718699, 30.026702], [102.718411, 30.026715], [102.718123, 30.026711], [102.717854, 30.026688], [102.717558, 30.026651], [102.717228, 30.0266], [102.716834, 30.026526], [102.716388, 30.026423], [102.715367, 30.026114], [102.714803, 30.025954], [102.714454, 30.025875], [102.714047, 30.025804], [102.713638, 30.025768], [102.7133, 30.025765], [102.713003, 30.025791], [102.712106, 30.025889], [102.709883, 30.02624], [102.708837, 30.026411], [102.707791, 30.026603], [102.7073, 30.026669], [102.706794, 30.026701], [102.706265, 30.02671], [102.705699, 30.02669], [102.705016, 30.026606], [102.703653, 30.026387], [102.699559, 30.025758], [102.69736, 30.025513], [102.69511, 30.025266], [102.694238, 30.025192], [102.69307, 30.025168], [102.691963, 30.025252], [102.690813, 30.0254], [102.674277, 30.027905], [102.673808, 30.027958], [102.673248, 30.027978], [102.67258, 30.027937], [102.671846, 30.027829], [102.671097, 30.027643], [102.670271, 30.027309], [102.669603, 30.02693], [102.669147, 30.026559], [102.668807, 30.026219], [102.668402, 30.025645], [102.668171, 30.025214], [102.66792, 30.024709], [102.666762, 30.022244], [102.666506, 30.021799], [102.666195, 30.021352], [102.665778, 30.020868], [102.665345, 30.02049], [102.664861, 30.020137], [102.664335, 30.019833], [102.663789, 30.019581], [102.663328, 30.019405], [102.662825, 30.019255], [102.662248, 30.019115], [102.66151, 30.019002], [102.660848, 30.018932], [102.660074, 30.018901], [102.65931, 30.018916], [102.658448, 30.018988], [102.657518, 30.019141], [102.656487, 30.019377], [102.651039, 30.020572], [102.649813, 30.020787], [102.649131, 30.020856], [102.648537, 30.020867], [102.647968, 30.020837], [102.646546, 30.02068], [102.645548, 30.020638], [102.644878, 30.020627], [102.644209, 30.020658], [102.643621, 30.020716], [102.641531, 30.02096], [102.638207, 30.021422], [102.636912, 30.02169], [102.635762, 30.022035], [102.634544, 30.022528], [102.599364, 30.039108], [102.598431, 30.039495], [102.597416, 30.039797], [102.596504, 30.039988], [102.59596, 30.040078], [102.595419, 30.040153], [102.594814, 30.0402], [102.594305, 30.040206], [102.593684, 30.040177], [102.593026, 30.040104], [102.592525, 30.040014], [102.589888, 30.039468], [102.587978, 30.039072], [102.587301, 30.038998], [102.586707, 30.038954], [102.586118, 30.038934], [102.580426, 30.038939], [102.579875, 30.038915], [102.579315, 30.03885], [102.578808, 30.038759], [102.578368, 30.038642], [102.578051, 30.038536], [102.57773, 30.038402], [102.577434, 30.038258], [102.577157, 30.038099], [102.576907, 30.037937], [102.57581, 30.037166], [102.575259, 30.036827], [102.57475, 30.036548], [102.572932, 30.035654], [102.572272, 30.035314], [102.571692, 30.034981], [102.571127, 30.034605], [102.570676, 30.034262], [102.570316, 30.033925], [102.569904, 30.033451], [102.569139, 30.032544], [102.568784, 30.032145], [102.568481, 30.031816], [102.56814, 30.031493], [102.565178, 30.028875], [102.563027, 30.026932], [102.562616, 30.026554], [102.562226, 30.026179], [102.561903, 30.025828], [102.561623, 30.02546], [102.561396, 30.02515], [102.560493, 30.023818], [102.5603, 30.023547], [102.559768, 30.022762], [102.558254, 30.020432], [102.557978, 30.02005], [102.557657, 30.019651], [102.557365, 30.019312], [102.556955, 30.018935], [102.556611, 30.018679], [102.556243, 30.018423], [102.555875, 30.018214], [102.555485, 30.018036], [102.555183, 30.017923], [102.554868, 30.017825], [102.553389, 30.017356], [102.552613, 30.017043], [102.551981, 30.016748], [102.551384, 30.016433], [102.550676, 30.016019], [102.548159, 30.01452], [102.546409, 30.013461], [102.546083, 30.013268], [102.545674, 30.013035], [102.545221, 30.012797], [102.544779, 30.012582], [102.544193, 30.012346], [102.543468, 30.012072], [102.542756, 30.011828], [102.542196, 30.01168], [102.541529, 30.011539], [102.540699, 30.011387], [102.540363, 30.011334], [102.539835, 30.011279], [102.539259, 30.011228], [102.53852, 30.011205], [102.538167, 30.011205], [102.537811, 30.011213], [102.537228, 30.01123], [102.536684, 30.011279], [102.53617, 30.01134], [102.535509, 30.011444], [102.534246, 30.011674], [102.533816, 30.011745], [102.533185, 30.011831], [102.532837, 30.011853], [102.532508, 30.011866], [102.532183, 30.011864], [102.531998, 30.011857], [102.53171, 30.011841], [102.531368, 30.011817], [102.530692, 30.011716], [102.530049, 30.011571], [102.529517, 30.01141], [102.528974, 30.011221], [102.528359, 30.010929], [102.527786, 30.010648], [102.527178, 30.010357], [102.526599, 30.010114], [102.526102, 30.009937], [102.52555, 30.009768], [102.524903, 30.009608], [102.522087, 30.008937], [102.521671, 30.008841], [102.521099, 30.008712], [102.520561, 30.008603], [102.519906, 30.008544], [102.519285, 30.008542], [102.518755, 30.008589], [102.517187, 30.008827], [102.516849, 30.008859], [102.51652, 30.008879], [102.516322, 30.00888], [102.516089, 30.008875], [102.515784, 30.008855], [102.515358, 30.008808], [102.514878, 30.008714], [102.514535, 30.008633], [102.514072, 30.008491], [102.513663, 30.008333], [102.513311, 30.008174], [102.5129, 30.007934], [102.512519, 30.007676], [102.512194, 30.007429], [102.511906, 30.007197], [102.511746, 30.007059], [102.511255, 30.006627], [102.511123, 30.006516], [102.510982, 30.006402], [102.51083, 30.006283], [102.510654, 30.006153], [102.510461, 30.006018], [102.510262, 30.005886], [102.510044, 30.00575], [102.50983, 30.005625], [102.50965, 30.005525], [102.50944, 30.005416], [102.509252, 30.005323], [102.509045, 30.005226], [102.50888, 30.005154], [102.508685, 30.005073], [102.5085, 30.005], [102.508301, 30.004927], [102.508079, 30.00485], [102.507818, 30.004768], [102.507585, 30.004701], [102.507358, 30.004642], [102.507101, 30.004582], [102.506854, 30.00453], [102.50662, 30.004487], [102.506393, 30.00445], [102.506148, 30.004416], [102.50593, 30.004391], [102.504627, 30.004244], [102.502277, 30.003979], [102.501798, 30.003925], [102.501631, 30.003906], [102.501435, 30.003889], [102.501212, 30.003873], [102.50094, 30.003861], [102.500686, 30.003858], [102.500464, 30.00386], [102.500253, 30.003866], [102.50004, 30.003877], [102.499838, 30.003893], [102.499601, 30.003916], [102.499319, 30.003952], [102.499053, 30.003993], [102.498322, 30.004112], [102.498067, 30.004157], [102.497749, 30.004207], [102.497463, 30.00424], [102.496991, 30.004275], [102.496526, 30.004276], [102.496087, 30.004252], [102.495651, 30.004212], [102.495337, 30.004146], [102.494775, 30.004003], [102.494379, 30.003888], [102.493654, 30.003661], [102.493081, 30.003509], [102.492667, 30.003424], [102.492181, 30.003342], [102.491618, 30.003262], [102.491038, 30.003212], [102.490566, 30.00319], [102.489676, 30.003148], [102.489006, 30.003104], [102.488546, 30.003043], [102.48791, 30.002924], [102.487469, 30.002819], [102.487143, 30.002724], [102.486717, 30.002589], [102.486073, 30.002364], [102.485276, 30.002078], [102.483961, 30.001602], [102.483521, 30.001463], [102.483223, 30.001382], [102.482893, 30.001309], [102.482273, 30.001188], [102.480929, 30.000933], [102.480705, 30.00089], [102.480431, 30.000832], [102.480161, 30.000768], [102.479882, 30.000696], [102.479608, 30.000618], [102.479341, 30.000535], [102.479069, 30.000444], [102.478818, 30.000353], [102.478507, 30.000231], [102.478203, 30.000102], [102.477919, 29.999972], [102.477636, 29.999832], [102.477368, 29.999692], [102.477084, 29.999532], [102.476811, 29.999368], [102.47653, 29.999187], [102.476246, 29.998991], [102.475983, 29.998798], [102.475746, 29.998612], [102.47553, 29.998433], [102.475316, 29.998246], [102.475078, 29.998025], [102.474887, 29.997837], [102.474672, 29.997612], [102.474471, 29.997388], [102.474288, 29.99717], [102.474104, 29.996938], [102.473929, 29.996703], [102.471614, 29.99347], [102.471443, 29.993231], [102.471241, 29.992955], [102.471056, 29.992711], [102.47087, 29.992471], [102.470653, 29.992199], [102.470426, 29.991922], [102.470215, 29.991673], [102.469991, 29.991415], [102.469775, 29.991172], [102.469521, 29.990895], [102.469266, 29.990624], [102.469016, 29.990367], [102.468773, 29.990124], [102.468461, 29.98982], [102.46816, 29.989537], [102.467851, 29.989256], [102.467534, 29.988977], [102.467215, 29.988704], [102.466916, 29.988456], [102.466564, 29.988175], [102.466233, 29.987918], [102.465912, 29.987675], [102.465568, 29.987425], [102.465205, 29.987169], [102.464861, 29.986935], [102.464481, 29.986684], [102.464101, 29.986442], [102.46361, 29.986142], [102.463201, 29.985902], [102.462811, 29.985682], [102.462321, 29.985416], [102.461782, 29.985138], [102.461198, 29.984852], [102.460581, 29.984567], [102.459962, 29.984297], [102.459342, 29.984044], [102.458717, 29.983804], [102.458237, 29.983631], [102.457677, 29.98344], [102.45095, 29.981247], [102.450468, 29.98108], [102.449994, 29.980898], [102.449546, 29.980709], [102.449075, 29.980491], [102.448663, 29.980286], [102.448174, 29.980019], [102.447711, 29.979745], [102.447144, 29.979376], [102.446756, 29.979099], [102.446446, 29.978865], [102.44612, 29.978602], [102.445787, 29.978316], [102.445496, 29.97805], [102.445198, 29.977762], [102.441274, 29.973849], [102.440989, 29.973565], [102.438663, 29.971247], [102.43862, 29.971205], [102.438148, 29.970744], [102.437702, 29.97032], [102.43722, 29.969932], [102.436664, 29.969561], [102.433482, 29.967672], [102.431844, 29.966736], [102.430285, 29.965855], [102.428826, 29.964907], [102.427523, 29.963942], [102.42616, 29.962805], [102.42317, 29.959854], [102.422469, 29.959236], [102.421828, 29.958734], [102.421086, 29.958253], [102.420271, 29.957809], [102.41943, 29.957405], [102.418767, 29.957112], [102.418022, 29.956809], [102.417231, 29.95653], [102.416625, 29.956341], [102.416, 29.956173], [102.412639, 29.955427], [102.411551, 29.955161], [102.410598, 29.954859], [102.409314, 29.954368], [102.408391, 29.953877], [102.407423, 29.953261], [102.406513, 29.952569], [102.405603, 29.951728], [102.403212, 29.949429], [102.402517, 29.948863], [102.401725, 29.948366], [102.400924, 29.947964], [102.400191, 29.947645], [102.399554, 29.947406], [102.398832, 29.947177], [102.396648, 29.946532], [102.396085, 29.946365], [102.393154, 29.945499], [102.392713, 29.945404], [102.392156, 29.945322], [102.39165, 29.945289], [102.391234, 29.945299], [102.390729, 29.945337], [102.38985, 29.945439], [102.386844, 29.945789], [102.385479, 29.946012], [102.385166, 29.94607], [102.384882, 29.946136], [102.384592, 29.946218], [102.384219, 29.946336], [102.383722, 29.946522], [102.383551, 29.946589], [102.383339, 29.946706], [102.383212, 29.946794], [102.383085, 29.946911], [102.382924, 29.947084], [102.382754, 29.947274], [102.382569, 29.94746], [102.382384, 29.947625], [102.382232, 29.947748], [102.381961, 29.947937], [102.381634, 29.948136], [102.381253, 29.948369], [102.381023, 29.948521], [102.38085, 29.948647], [102.380614, 29.948835], [102.380341, 29.949062], [102.380124, 29.949237], [102.380035, 29.949323], [102.379677, 29.949624], [102.379166, 29.94999], [102.378912, 29.950148], [102.378378, 29.950449], [102.377739, 29.950748], [102.377368, 29.95089], [102.377076, 29.950991], [102.376835, 29.951081], [102.376579, 29.951169], [102.376296, 29.951258], [102.376017, 29.951337], [102.37574, 29.951406], [102.375464, 29.951468], [102.375142, 29.951529], [102.374842, 29.951578], [102.374532, 29.95162], [102.374231, 29.951651], [102.373922, 29.951674], [102.373591, 29.951688], [102.373282, 29.951693], [102.372951, 29.951687], [102.37258, 29.951669], [102.372216, 29.951638], [102.343537, 29.948409], [102.340447, 29.948153], [102.337056, 29.948028], [102.33416, 29.947991], [102.330807, 29.948088], [102.292821, 29.950054], [102.289302, 29.950091], [102.28632, 29.949989], [102.281942, 29.949692], [102.252425, 29.945953], [102.251372, 29.945853], [102.250263, 29.945852], [102.249144, 29.945902], [102.247927, 29.946062], [102.246736, 29.946298], [102.245445, 29.946646], [102.244276, 29.947112], [102.243336, 29.947526], [102.242508, 29.947968], [102.241752, 29.948456], [102.240931, 29.949027], [102.240082, 29.949752], [102.239503, 29.95037], [102.239415, 29.950471], [102.238972, 29.951018], [102.238756, 29.951285], [102.23851, 29.951589], [102.23827, 29.951887], [102.237861, 29.952393], [102.237556, 29.952821], [102.237508, 29.952881], [102.237383, 29.953058], [102.237333, 29.953135], [102.237201, 29.953338], [102.237012, 29.95362], [102.23685, 29.953886], [102.23662, 29.9543], [102.236398, 29.954694], [102.236379, 29.954727], [102.236246, 29.954934], [102.236199, 29.955007], [102.236077, 29.955187], [102.235894, 29.955441], [102.235729, 29.955658], [102.235528, 29.955913], [102.235412, 29.956044], [102.235374, 29.956087], [102.23523, 29.956238], [102.235049, 29.956406], [102.234778, 29.956654], [102.234515, 29.956878], [102.2343, 29.957057], [102.234281, 29.957073], [102.234079, 29.957228], [102.233704, 29.9575], [102.233374, 29.957723], [102.232895, 29.958038], [102.232475, 29.958301], [102.231593, 29.958829], [102.230883, 29.959253], [102.230434, 29.959525], [102.230232, 29.959663], [102.229911, 29.959889], [102.229589, 29.960122], [102.229281, 29.960365], [102.229045, 29.960567], [102.228672, 29.960896], [102.228395, 29.96117], [102.227842, 29.96172], [102.227204, 29.962166], [102.226464, 29.962622], [102.225637, 29.96298], [102.224559, 29.963259], [102.223658, 29.963388], [102.222768, 29.963518], [102.221993, 29.963548], [102.221254, 29.963561], [102.221128, 29.96356], [102.220987, 29.963571], [102.220739, 29.963616], [102.220471, 29.963696], [102.220163, 29.963795], [102.209503, 29.967453], [102.20905, 29.96762], [102.208573, 29.967828], [102.208027, 29.968114], [102.207689, 29.968301], [102.207283, 29.968632], [102.207119, 29.968808], [102.20698, 29.96899], [102.206857, 29.969183], [102.206749, 29.969382], [102.206667, 29.969587], [102.206617, 29.969796], [102.206596, 29.970001], [102.206597, 29.970269], [102.206589, 29.970537], [102.206554, 29.970808], [102.206492, 29.971079], [102.206407, 29.971339], [102.206297, 29.971592], [102.206168, 29.971829], [102.206022, 29.972066], [102.205946, 29.972167], [102.205852, 29.972255], [102.205743, 29.972329], [102.20562, 29.972386], [102.205489, 29.972425], [102.205352, 29.972444], [102.205213, 29.972444], [102.205076, 29.972424], [102.204945, 29.972385], [102.204823, 29.972328], [102.204714, 29.972254], [102.20462, 29.972165], [102.204544, 29.972064], [102.204488, 29.971954], [102.204455, 29.971837], [102.204443, 29.971717], [102.204455, 29.971597], [102.204489, 29.971481], [102.204546, 29.971371], [102.205689, 29.969805], [102.20576, 29.969692], [102.205811, 29.969575], [102.205845, 29.969446], [102.20586, 29.969315], [102.205862, 29.969185], [102.205854, 29.969058], [102.205834, 29.968932], [102.205807, 29.968807], [102.20577, 29.968684], [102.205721, 29.968564], [102.205666, 29.968446], [102.205597, 29.96833], [102.20545, 29.968106], [102.205287, 29.967894], [102.204329, 29.966849], [102.204151, 29.966642], [102.203993, 29.96643], [102.203848, 29.966209], [102.20372, 29.965986], [102.203606, 29.965753], [102.203507, 29.965518], [102.203418, 29.96528], [102.20334, 29.965034], [102.203247, 29.964708], [102.202419, 29.961802], [102.201901, 29.959982], [102.201841, 29.959728], [102.201787, 29.95947], [102.20174, 29.959216], [102.2017, 29.95896], [102.201667, 29.958696], [102.201641, 29.958434], [102.201629, 29.958178], [102.201631, 29.95792], [102.201751, 29.956883], [102.201801, 29.956624], [102.201866, 29.956366], [102.201947, 29.956113], [102.202034, 29.955865], [102.202133, 29.955615], [102.202242, 29.955372], [102.202363, 29.955134], [102.202493, 29.954893], [102.20263, 29.954652], [102.202777, 29.954418], [102.202947, 29.954186], [102.203127, 29.953965], [102.20331, 29.953757], [102.203503, 29.953553], [102.203697, 29.953355], [102.203902, 29.953158], [102.204114, 29.95297], [102.204338, 29.952786], [102.204564, 29.952612], [102.204788, 29.952444], [102.205858, 29.951744], [102.206928, 29.951044], [102.207313, 29.950757], [102.207664, 29.950443], [102.208003, 29.950111], [102.20831, 29.949761], [102.208568, 29.94939], [102.208785, 29.949], [102.208973, 29.948594], [102.209125, 29.948184], [102.209263, 29.947624], [102.209346, 29.947061], [102.209407, 29.946494], [102.209437, 29.945927], [102.209447, 29.945385], [102.209435, 29.944833], [102.207887, 29.90971], [102.207787, 29.908564], [102.207619, 29.907418], [102.207375, 29.906268], [102.207062, 29.905132], [102.206712, 29.904119], [102.206297, 29.903118], [102.205809, 29.902133], [102.205263, 29.901191], [102.204778, 29.900431], [102.204259, 29.899691], [102.203662, 29.898992], [102.203008, 29.898344], [102.202315, 29.897732], [102.2016, 29.897159], [102.197302, 29.893971], [102.196542, 29.893337], [102.195839, 29.892653], [102.195218, 29.891952], [102.194699, 29.891173], [102.194281, 29.89033], [102.193931, 29.889454], [102.193666, 29.888564], [102.193481, 29.887656], [102.193374, 29.886725], [102.193335, 29.885764], [102.193375, 29.884848], [102.193495, 29.883912], [102.193661, 29.883039], [102.193892, 29.882146], [102.194208, 29.881256], [102.194578, 29.88036], [102.19541, 29.878542], [102.195507, 29.87833], [102.195915, 29.877337], [102.19627, 29.876359], [102.196585, 29.875385], [102.196861, 29.874371], [102.197136, 29.873325], [102.199555, 29.863146], [102.199864, 29.862079], [102.200245, 29.861003], [102.200689, 29.859993], [102.201188, 29.858983], [102.202267, 29.857011], [102.203721, 29.854587], [102.204943, 29.852552], [102.205114, 29.852222], [102.205262, 29.851892], [102.205377, 29.851547], [102.205465, 29.851202], [102.205533, 29.850837], [102.205583, 29.850468], [102.205601, 29.850108], [102.205602, 29.849751], [102.205573, 29.849384], [102.205526, 29.849017], [102.205456, 29.848671], [102.205363, 29.848325], [102.20525, 29.847985], [102.205113, 29.847643], [102.204958, 29.847323], [102.204785, 29.847009], [102.204583, 29.846666], [102.204363, 29.84633], [102.204119, 29.845992], [102.203843, 29.84567], [102.203557, 29.845378], [102.203256, 29.845097], [102.201745, 29.843795], [102.201161, 29.843209], [102.200669, 29.84258], [102.200247, 29.841895], [102.199911, 29.841168], [102.199685, 29.840401], [102.19956, 29.839586], [102.199516, 29.83877], [102.199578, 29.837944], [102.199746, 29.837189], [102.200016, 29.836431], [102.200406, 29.835698], [102.200904, 29.834991], [102.201537, 29.8344], [102.202236, 29.833879], [102.203042, 29.833445], [102.203894, 29.833097], [102.204534, 29.832888], [102.20516, 29.832655], [102.205758, 29.832382], [102.206339, 29.832059], [102.206773, 29.831774], [102.20717, 29.83145], [102.207551, 29.831097], [102.207879, 29.830738], [102.208271, 29.830235], [102.208634, 29.829704], [102.208848, 29.82932], [102.209021, 29.828921], [102.209149, 29.828511], [102.209243, 29.828088], [102.209667, 29.824855], [102.209714, 29.824495], [102.209788, 29.823932], [102.209845, 29.823456], [102.209854, 29.823342], [102.209874, 29.823064], [102.20988, 29.822984], [102.209894, 29.822509], [102.20989, 29.822038], [102.209875, 29.821792], [102.209848, 29.821546], [102.209811, 29.821305], [102.209771, 29.821061], [102.209723, 29.820823], [102.209665, 29.820585], [102.209605, 29.820351], [102.209534, 29.820119], [102.208953, 29.818489], [102.208836, 29.818095], [102.208741, 29.817685], [102.208681, 29.817268], [102.208648, 29.816842], [102.208658, 29.816426], [102.208706, 29.816011], [102.208787, 29.815594], [102.2089, 29.815173], [102.209249, 29.814148], [102.209361, 29.813764], [102.209436, 29.813371], [102.209476, 29.812975], [102.209491, 29.812582], [102.209487, 29.812185], [102.20946, 29.811798], [102.209404, 29.811413], [102.209336, 29.811029], [102.209235, 29.810629], [102.209106, 29.810242], [102.208947, 29.809865], [102.208851, 29.809681], [102.208755, 29.809496], [102.20849, 29.809084], [102.208185, 29.808691], [102.207844, 29.808327], [102.207483, 29.807973], [102.205147, 29.805816], [102.204745, 29.805424], [102.204346, 29.80501], [102.203989, 29.804603], [102.20364, 29.804181], [102.203321, 29.803744], [102.203024, 29.80328], [102.202756, 29.802817], [102.202516, 29.802343], [102.202311, 29.801848], [102.202125, 29.801337], [102.201965, 29.800814], [102.201833, 29.800283], [102.201739, 29.799758], [102.201663, 29.799228], [102.201619, 29.798681], [102.201601, 29.798133], [102.2016, 29.79759], [102.201626, 29.797046], [102.201675, 29.796506], [102.201746, 29.795963], [102.201845, 29.795432], [102.201958, 29.794913], [102.202089, 29.794377], [102.202247, 29.793837], [102.211313, 29.765823], [102.211478, 29.765259], [102.211622, 29.764689], [102.211737, 29.764103], [102.211814, 29.763527], [102.211857, 29.762929], [102.211871, 29.76233], [102.211858, 29.761751], [102.211824, 29.761169], [102.211776, 29.760744], [102.21171, 29.76032], [102.211624, 29.75989], [102.211502, 29.759467], [102.211361, 29.759063], [102.211197, 29.758662], [102.21101, 29.758275], [102.210792, 29.757888], [102.210643, 29.757637], [102.210569, 29.75751], [102.210337, 29.757134], [102.210093, 29.756767], [102.209826, 29.756417], [102.209547, 29.756079], [102.209246, 29.755744], [102.20893, 29.75542], [102.208597, 29.755096], [102.20709, 29.753764], [102.206577, 29.753311], [102.206444, 29.753194], [102.201817, 29.749104], [102.195674, 29.743673], [102.195326, 29.743309], [102.195006, 29.742928], [102.19471, 29.742517], [102.194472, 29.742076], [102.194281, 29.74165], [102.194129, 29.741194], [102.194012, 29.740719], [102.193939, 29.74024], [102.193886, 29.739764], [102.193874, 29.739289], [102.1939, 29.738811], [102.193955, 29.738338], [102.194042, 29.737868], [102.194153, 29.737405], [102.194293, 29.736928], [102.194464, 29.736463], [102.194633, 29.736053], [102.195161, 29.734799], [102.196224, 29.73227], [102.196449, 29.731651], [102.196634, 29.731018], [102.196773, 29.730367], [102.196855, 29.729753], [102.196894, 29.729059], [102.19689, 29.728402], [102.196841, 29.727748], [102.196749, 29.727097], [102.195892, 29.722688], [102.195832, 29.722298], [102.195797, 29.721907], [102.195794, 29.721507], [102.195826, 29.721107], [102.195884, 29.720719], [102.195967, 29.720325], [102.196071, 29.71993], [102.196203, 29.719544], [102.196629, 29.71841], [102.196737, 29.718088], [102.196835, 29.717749], [102.196907, 29.717404], [102.196957, 29.717058], [102.196982, 29.716716], [102.19698, 29.716381], [102.196953, 29.716036], [102.196911, 29.715705], [102.196848, 29.715356], [102.196766, 29.715018], [102.196667, 29.714679], [102.196547, 29.714345], [102.196403, 29.714024], [102.196242, 29.713717], [102.196064, 29.713419], [102.19587, 29.713124], [102.195236, 29.71223], [102.195006, 29.711879], [102.194797, 29.711514], [102.194611, 29.711145], [102.19446, 29.710764], [102.194336, 29.710369], [102.194234, 29.709969], [102.19416, 29.709562], [102.194113, 29.709147], [102.194095, 29.708757], [102.194094, 29.708357], [102.194117, 29.707957], [102.19415, 29.707557], [102.194204, 29.70716], [102.194279, 29.706763], [102.194376, 29.706368], [102.194455, 29.706097], [102.194608, 29.705575], [102.195903, 29.701147], [102.196, 29.700712], [102.196072, 29.700278], [102.196119, 29.69983], [102.196139, 29.699367], [102.196136, 29.698919], [102.196112, 29.698467], [102.196075, 29.698119], [102.196024, 29.697763], [102.195921, 29.697227], [102.195775, 29.696706], [102.195637, 29.696272], [102.19547, 29.695836], [102.195286, 29.695396], [102.195072, 29.694965], [102.194856, 29.694549], [102.194621, 29.694135], [102.183777, 29.676178], [102.182972, 29.674763], [102.182224, 29.67333], [102.181585, 29.671916], [102.181047, 29.670505], [102.180577, 29.669084], [102.180248, 29.667599], [102.180012, 29.666096], [102.179887, 29.664574], [102.179841, 29.663052], [102.17993, 29.661527], [102.180141, 29.659983], [102.180459, 29.658494], [102.180852, 29.657022], [102.181364, 29.655596], [102.181979, 29.654173], [102.182697, 29.652793], [102.183445, 29.651426], [102.186294, 29.646511], [102.186919, 29.645166], [102.187373, 29.643789], [102.187755, 29.642389], [102.18801, 29.640957], [102.188111, 29.639523], [102.188121, 29.638113], [102.188, 29.63668], [102.187762, 29.635262], [102.187449, 29.633873], [102.187063, 29.632523], [102.186538, 29.631181], [102.185932, 29.629871], [102.185235, 29.628567], [102.184395, 29.627294], [102.183468, 29.626091], [102.182452, 29.624936], [102.173237, 29.615341], [102.172802, 29.614871], [102.172381, 29.614392], [102.171982, 29.613892], [102.171633, 29.613373], [102.171331, 29.612827], [102.171087, 29.61225], [102.170909, 29.611667], [102.170794, 29.611069], [102.170761, 29.610443], [102.170791, 29.60981], [102.1709, 29.609182], [102.171081, 29.608555], [102.171314, 29.607986], [102.171607, 29.607421], [102.171939, 29.606859], [102.172282, 29.606302], [102.173328, 29.604615], [102.173555, 29.604186], [102.173747, 29.603733], [102.173911, 29.603267], [102.174099, 29.602692], [102.174111, 29.602331], [102.174151, 29.601863], [102.174105, 29.601145], [102.174065, 29.600788], [102.174006, 29.600429], [102.173936, 29.600073], [102.173851, 29.599716], [102.173752, 29.599363], [102.17364, 29.599009], [102.173567, 29.598809], [102.173483, 29.598615], [102.173389, 29.598417], [102.173281, 29.598222], [102.173168, 29.598043], [102.173041, 29.59787], [102.172904, 29.597704], [102.172753, 29.597552], [102.172674, 29.597498], [102.172578, 29.597455], [102.172477, 29.597434], [102.17237, 29.597424], [102.172258, 29.597435], [102.172147, 29.597465], [102.172057, 29.597514], [102.17199, 29.597574], [102.171934, 29.597668], [102.171896, 29.597772], [102.171879, 29.597874], [102.171883, 29.597976], [102.171915, 29.598081], [102.171963, 29.598178], [102.172029, 29.598266], [102.172113, 29.598347], [102.172195, 29.598403], [102.172287, 29.598449], [102.172384, 29.598484], [102.172488, 29.598508], [102.172589, 29.598523], [102.172692, 29.598528], [102.172803, 29.598528], [102.172912, 29.598517], [102.173623, 29.598403], [102.174034, 29.598332], [102.174177, 29.598311], [102.174328, 29.598291], [102.174482, 29.598282], [102.174634, 29.59828], [102.174786, 29.598283], [102.174943, 29.598295], [102.175101, 29.598312], [102.175251, 29.598336], [102.175404, 29.598368], [102.175554, 29.598405], [102.175701, 29.59845], [102.175845, 29.598502], [102.175987, 29.59856], [102.176127, 29.598632], [102.176254, 29.59871], [102.176374, 29.598796], [102.176488, 29.598887], [102.176596, 29.598983], [102.176696, 29.599083], [102.176793, 29.599188], [102.176875, 29.5993], [102.176944, 29.599417], [102.177001, 29.599538], [102.177043, 29.599664], [102.177074, 29.599791], [102.177098, 29.599919], [102.177113, 29.600048], [102.177117, 29.600176], [102.177112, 29.600304], [102.177094, 29.600439], [102.177058, 29.600565], [102.177007, 29.600684], [102.176946, 29.600798], [102.176531, 29.601495], [102.176336, 29.601602], [102.175709, 29.60264], [102.175644, 29.60272], [102.175573, 29.602794], [102.175491, 29.602865], [102.175402, 29.602928], [102.175301, 29.602988], [102.175191, 29.603035], [102.175078, 29.603072], [102.174964, 29.603098], [102.174851, 29.603118], [102.174738, 29.603131], [102.174627, 29.603138], [102.174511, 29.603142], [102.174403, 29.603139], [102.174291, 29.603133], [102.174182, 29.603121], [102.174076, 29.603107], [102.173814, 29.603051], [102.173556, 29.602988], [102.173048, 29.602852], [102.172545, 29.602701], [102.172108, 29.602556], [102.17202, 29.602652], [102.171886, 29.602783], [102.17018, 29.604684], [102.169652, 29.605245], [102.169434, 29.605476], [102.168949, 29.606024], [102.168854, 29.606166], [102.168801, 29.606258], [102.168755, 29.606353], [102.168717, 29.606468], [102.168695, 29.606556], [102.168687, 29.606585], [102.168671, 29.606678], [102.16849, 29.607181], [102.168327, 29.607704], [102.168227, 29.608023], [102.167903, 29.60877], [102.167692, 29.609124], [102.167471, 29.609433], [102.167144, 29.609819], [102.166591, 29.610458], [102.165526, 29.611607], [102.165345, 29.611756], [102.164826, 29.612151], [102.16457, 29.612294], [102.164309, 29.612431], [102.164044, 29.612562], [102.163775, 29.612687], [102.16351, 29.612802], [102.163242, 29.612911], [102.16297, 29.613013], [102.162537, 29.613154], [102.162101, 29.613288], [102.161663, 29.613415], [102.161222, 29.613536], [102.160702, 29.613668], [102.16018, 29.613791], [102.159655, 29.613904], [102.159127, 29.614008], [102.158597, 29.614103], [102.158065, 29.614188], [102.157531, 29.614263], [102.150031, 29.615382], [102.14966, 29.615453], [102.149291, 29.615531], [102.148923, 29.615617], [102.148559, 29.61571], [102.148197, 29.615812], [102.147949, 29.615886], [102.147705, 29.615967], [102.147464, 29.616056], [102.147226, 29.616151], [102.146993, 29.616254], [102.146764, 29.616364], [102.146539, 29.616481], [102.146319, 29.616604], [102.146098, 29.616738], [102.145882, 29.616878], [102.145671, 29.617023], [102.145465, 29.617174], [102.145265, 29.61733], [102.14507, 29.617492], [102.144882, 29.617658], [102.144688, 29.61784], [102.144502, 29.618027], [102.144322, 29.61822], [102.14415, 29.618417], [102.143986, 29.618619], [102.143931, 29.618703], [102.143884, 29.618791], [102.143844, 29.618881], [102.143811, 29.618973], [102.143786, 29.619068], [102.143769, 29.619164], [102.14376, 29.61926], [102.143779, 29.619477], [102.143802, 29.619746], [102.143827, 29.620207], [102.143819, 29.620391], [102.143807, 29.620473], [102.143758, 29.620605], [102.143693, 29.62074], [102.143598, 29.620874], [102.14336, 29.621183], [102.143313, 29.62126], [102.143269, 29.621351], [102.143219, 29.621492], [102.143209, 29.621536], [102.143197, 29.621671], [102.143181, 29.621781], [102.143148, 29.621951], [102.143114, 29.622089], [102.143057, 29.622227], [102.142714, 29.62298], [102.14265, 29.623145], [102.142604, 29.623332], [102.142539, 29.623634], [102.142416, 29.624269], [102.1424, 29.624376], [102.142373, 29.62467], [102.142348, 29.624885], [102.142327, 29.62503], [102.142316, 29.625105], [102.14228, 29.62529], [102.14224, 29.625414], [102.142186, 29.625526], [102.142122, 29.625632], [102.141977, 29.625856], [102.141931, 29.625951], [102.141881, 29.626078], [102.141809, 29.62629], [102.141771, 29.626418], [102.14171, 29.626662], [102.141659, 29.626892], [102.141631, 29.627093], [102.141638, 29.627436], [102.141644, 29.628221], [102.14139, 29.628905], [102.141273, 29.629198], [102.141224, 29.629307], [102.141188, 29.629375], [102.140775, 29.629995], [102.140652, 29.630198], [102.140589, 29.630368], [102.140453, 29.630786], [102.140411, 29.630904], [102.140361, 29.63102], [102.140313, 29.631115], [102.140261, 29.631208], [102.140149, 29.631381], [102.140027, 29.631536], [102.139932, 29.631637], [102.139829, 29.631731], [102.139718, 29.631819], [102.138691, 29.632569], [102.138618, 29.632632], [102.138483, 29.632768], [102.138416, 29.632849], [102.138355, 29.632934], [102.138299, 29.633021], [102.138043, 29.633491], [102.137991, 29.633598], [102.137916, 29.633775], [102.137865, 29.633944], [102.137811, 29.63415], [102.137767, 29.634358], [102.13739, 29.635404], [102.13706, 29.636203], [102.137037, 29.636309], [102.137008, 29.636413], [102.136972, 29.636516], [102.136925, 29.636628], [102.13687, 29.636737], [102.136628, 29.63708], [102.136557, 29.6372], [102.136494, 29.637323], [102.136438, 29.637448], [102.136388, 29.63758], [102.136347, 29.637715], [102.136314, 29.637851], [102.13629, 29.637988], [102.136238, 29.638081], [102.136179, 29.638171], [102.136121, 29.638248], [102.136057, 29.638322], [102.135989, 29.638392], [102.135864, 29.638486], [102.135743, 29.638584], [102.135545, 29.638766], [102.135226, 29.639185], [102.135, 29.639471], [102.13495, 29.639508], [102.134897, 29.63954], [102.134839, 29.639568], [102.134779, 29.639591], [102.134742, 29.639601], [102.134709, 29.63961], [102.134636, 29.639622], [102.134563, 29.639627], [102.133931, 29.639627], [102.133779, 29.63964], [102.1337, 29.639665], [102.133626, 29.639699], [102.133573, 29.639731], [102.133523, 29.639767], [102.133478, 29.639806], [102.133222, 29.640065], [102.132694, 29.640745], [102.132641, 29.640821], [102.132595, 29.640901], [102.132557, 29.640984], [102.132527, 29.641064], [102.132505, 29.641146], [102.13249, 29.64123], [102.132474, 29.641634], [102.132377, 29.641644], [102.132287, 29.641644], [102.132211, 29.641618], [102.132165, 29.641554], [102.132139, 29.64146], [102.132114, 29.641351], [102.132102, 29.6412], [102.132121, 29.641059], [102.132157, 29.640939], [102.132381, 29.640578], [102.132832, 29.639732], [102.1329, 29.63961], [102.132977, 29.639492], [102.133105, 29.639323], [102.133175, 29.639242], [102.133569, 29.638831], [102.133842, 29.638576], [102.133891, 29.638491], [102.133931, 29.638402], [102.133961, 29.63831], [102.134011, 29.638054], [102.134053, 29.637894], [102.134107, 29.637736], [102.13417, 29.637581], [102.134425, 29.637028], [102.13489, 29.636107], [102.134919, 29.636036], [102.13496, 29.635889], [102.134972, 29.635813], [102.134965, 29.635767], [102.134948, 29.635724], [102.134922, 29.635684], [102.134892, 29.635652], [102.134856, 29.635624], [102.134815, 29.635603], [102.134771, 29.635595], [102.134726, 29.635592], [102.134682, 29.635596], [102.134638, 29.635605], [102.134601, 29.635619], [102.134535, 29.635659], [102.134471, 29.635744], [102.134417, 29.635833], [102.134373, 29.635923], [102.134339, 29.636017], [102.134222, 29.636495], [102.134177, 29.63659], [102.134123, 29.636682], [102.134071, 29.636757], [102.134013, 29.636828], [102.133306, 29.637587], [102.132577, 29.638446], [102.13204, 29.639104], [102.131422, 29.639951], [102.131358, 29.640025], [102.131287, 29.640094], [102.1312, 29.640168], [102.131106, 29.640234], [102.130255, 29.640797], [102.130203, 29.640831], [102.128755, 29.641768], [102.128431, 29.641965], [102.128366, 29.64186], [102.128318, 29.641825], [102.12801, 29.641754], [102.127656, 29.641622], [102.12759, 29.641675], [102.127324, 29.641479]], "type": "LineString"}}, {"type": "Feature", "properties": {"key": "3", "source": "OSRM / OpenStreetMap", "fetchedAt": "2026-09-16T06:05:09.828134+00:00", "requestUrl": "https://router.project-osrm.org/route/v1/driving/102.1271446,29.6416617;101.9952778,30.0596707;101.5533938,30.3327795?overview=full&geometries=geojson&steps=false", "distanceMeters": 191643.2, "durationSeconds": 9118.8, "waypoints": [{"hint": "5d1mjujdZo5QAAAAGgAAAAAAAABnAAAAS8wGQlIQKEEAAAAAaz8rQlAAAAAaAAAAAAAAAGcAAAB3JgEA3FYWBgdLxAEpVhYGvkvEAQAAXw4AAAAA", "location": [102.127324, 29.641479], "name": "", "distance": 26.68329543}, {"hint": "CZxYlf___38RAAAAEgAAAC8AAABcAAAA64ceQqymBECZOt5CaMlbQxEAAAASAAAALwAAAFwAAAB3JgEABFMUBrmsygEOUxQGl6zKAQwAzwQAAAAA", "location": [101.995268, 30.059705], "name": "上海 - 聂拉木", "distance": 3.890387703}, {"hint": "1NuPhe5YrpETAAAAAAAAAB0BAAC3AwAAiQ04QgAAAABguCdEc9wMRRMAAAAAAAAAHQEAALcDAAB3JgEA1WgNBj_tzgHylA0GbNfOASIA7wEAAAAA", "location": [101.542101, 30.338367], "name": "兰州－马关", "distance": 1250.247553}], "note": "Suggested driving route through supplied WGS84 itinerary anchors; not a verified convoy route. No live closures or off-road activities."}, "geometry": {"coordinates": [[102.127324, 29.641479], [102.12759, 29.641675], [102.127656, 29.641622], [102.12801, 29.641754], [102.128318, 29.641825], [102.128366, 29.64186], [102.128431, 29.641965], [102.128755, 29.641768], [102.130203, 29.640831], [102.130255, 29.640797], [102.131106, 29.640234], [102.1312, 29.640168], [102.131287, 29.640094], [102.131358, 29.640025], [102.131422, 29.639951], [102.13204, 29.639104], [102.132577, 29.638446], [102.133306, 29.637587], [102.134013, 29.636828], [102.134071, 29.636757], [102.134123, 29.636682], [102.134177, 29.63659], [102.134222, 29.636495], [102.134339, 29.636017], [102.134373, 29.635923], [102.134417, 29.635833], [102.134471, 29.635744], [102.134535, 29.635659], [102.134601, 29.635619], [102.134638, 29.635605], [102.134682, 29.635596], [102.134726, 29.635592], [102.134771, 29.635595], [102.134815, 29.635603], [102.134856, 29.635624], [102.134892, 29.635652], [102.134922, 29.635684], [102.134948, 29.635724], [102.134965, 29.635767], [102.134972, 29.635813], [102.13496, 29.635889], [102.134919, 29.636036], [102.13489, 29.636107], [102.134425, 29.637028], [102.13417, 29.637581], [102.134107, 29.637736], [102.134053, 29.637894], [102.134011, 29.638054], [102.133961, 29.63831], [102.133931, 29.638402], [102.133891, 29.638491], [102.133842, 29.638576], [102.133569, 29.638831], [102.133175, 29.639242], [102.133105, 29.639323], [102.132977, 29.639492], [102.1329, 29.63961], [102.132832, 29.639732], [102.132381, 29.640578], [102.132157, 29.640939], [102.132121, 29.641059], [102.132102, 29.6412], [102.132114, 29.641351], [102.132139, 29.64146], [102.132165, 29.641554], [102.132211, 29.641618], [102.132287, 29.641644], [102.132377, 29.641644], [102.132474, 29.641634], [102.13249, 29.64123], [102.132505, 29.641146], [102.132527, 29.641064], [102.132557, 29.640984], [102.132595, 29.640901], [102.132641, 29.640821], [102.132694, 29.640745], [102.133222, 29.640065], [102.133478, 29.639806], [102.133523, 29.639767], [102.133573, 29.639731], [102.133626, 29.639699], [102.1337, 29.639665], [102.133779, 29.63964], [102.133931, 29.639627], [102.134563, 29.639627], [102.134636, 29.639622], [102.134709, 29.63961], [102.134742, 29.639601], [102.134779, 29.639591], [102.134839, 29.639568], [102.134897, 29.63954], [102.13495, 29.639508], [102.135, 29.639471], [102.135226, 29.639185], [102.135545, 29.638766], [102.135743, 29.638584], [102.135864, 29.638486], [102.135989, 29.638392], [102.136057, 29.638322], [102.136121, 29.638248], [102.136179, 29.638171], [102.136238, 29.638081], [102.13629, 29.637988], [102.136314, 29.637851], [102.136347, 29.637715], [102.136388, 29.63758], [102.136438, 29.637448], [102.136494, 29.637323], [102.136557, 29.6372], [102.136628, 29.63708], [102.13687, 29.636737], [102.136925, 29.636628], [102.136972, 29.636516], [102.137008, 29.636413], [102.137037, 29.636309], [102.13706, 29.636203], [102.13739, 29.635404], [102.137767, 29.634358], [102.137811, 29.63415], [102.137865, 29.633944], [102.137916, 29.633775], [102.137991, 29.633598], [102.138043, 29.633491], [102.138299, 29.633021], [102.138355, 29.632934], [102.138416, 29.632849], [102.138483, 29.632768], [102.138618, 29.632632], [102.138691, 29.632569], [102.139718, 29.631819], [102.139829, 29.631731], [102.139932, 29.631637], [102.140027, 29.631536], [102.140149, 29.631381], [102.140261, 29.631208], [102.140313, 29.631115], [102.140361, 29.63102], [102.140411, 29.630904], [102.140453, 29.630786], [102.140589, 29.630368], [102.140652, 29.630198], [102.140775, 29.629995], [102.141188, 29.629375], [102.141224, 29.629307], [102.141273, 29.629198], [102.14139, 29.628905], [102.141644, 29.628221], [102.141638, 29.627436], [102.141631, 29.627093], [102.141659, 29.626892], [102.14171, 29.626662], [102.141771, 29.626418], [102.141809, 29.62629], [102.141881, 29.626078], [102.141931, 29.625951], [102.141977, 29.625856], [102.142122, 29.625632], [102.142186, 29.625526], [102.14224, 29.625414], [102.14228, 29.62529], [102.142316, 29.625105], [102.142327, 29.62503], [102.142348, 29.624885], [102.142373, 29.62467], [102.1424, 29.624376], [102.142416, 29.624269], [102.142539, 29.623634], [102.142604, 29.623332], [102.14265, 29.623145], [102.142714, 29.62298], [102.143057, 29.622227], [102.143114, 29.622089], [102.143148, 29.621951], [102.143181, 29.621781], [102.143197, 29.621671], [102.143209, 29.621536], [102.143219, 29.621492], [102.143269, 29.621351], [102.143313, 29.62126], [102.14336, 29.621183], [102.143598, 29.620874], [102.143693, 29.62074], [102.143758, 29.620605], [102.143807, 29.620473], [102.143819, 29.620391], [102.143827, 29.620207], [102.143802, 29.619746], [102.143779, 29.619477], [102.14376, 29.61926], [102.143769, 29.619164], [102.143786, 29.619068], [102.143811, 29.618973], [102.143844, 29.618881], [102.143884, 29.618791], [102.143931, 29.618703], [102.143986, 29.618619], [102.14415, 29.618417], [102.144322, 29.61822], [102.144502, 29.618027], [102.144688, 29.61784], [102.144882, 29.617658], [102.14507, 29.617492], [102.145265, 29.61733], [102.145465, 29.617174], [102.145671, 29.617023], [102.145882, 29.616878], [102.146098, 29.616738], [102.146319, 29.616604], [102.146539, 29.616481], [102.146764, 29.616364], [102.146993, 29.616254], [102.147226, 29.616151], [102.147464, 29.616056], [102.147705, 29.615967], [102.147949, 29.615886], [102.148197, 29.615812], [102.148559, 29.61571], [102.148923, 29.615617], [102.149291, 29.615531], [102.14966, 29.615453], [102.150031, 29.615382], [102.157531, 29.614263], [102.158065, 29.614188], [102.158597, 29.614103], [102.159127, 29.614008], [102.159655, 29.613904], [102.16018, 29.613791], [102.160702, 29.613668], [102.161222, 29.613536], [102.161663, 29.613415], [102.162101, 29.613288], [102.162537, 29.613154], [102.16297, 29.613013], [102.163242, 29.612911], [102.16351, 29.612802], [102.163775, 29.612687], [102.164044, 29.612562], [102.164309, 29.612431], [102.16457, 29.612294], [102.164826, 29.612151], [102.165345, 29.611756], [102.165526, 29.611607], [102.166591, 29.610458], [102.167144, 29.609819], [102.167471, 29.609433], [102.167692, 29.609124], [102.167903, 29.60877], [102.168227, 29.608023], [102.168327, 29.607704], [102.168362, 29.60767], [102.168403, 29.607643], [102.168449, 29.607622], [102.168498, 29.607609], [102.168549, 29.607603], [102.168599, 29.607606], [102.168647, 29.607615], [102.168693, 29.607632], [102.168734, 29.607656], [102.168767, 29.607798], [102.168803, 29.607926], [102.168846, 29.608053], [102.169225, 29.608951], [102.169339, 29.609308], [102.169375, 29.609421], [102.169406, 29.609574], [102.169412, 29.609746], [102.169405, 29.609855], [102.16939, 29.609962], [102.169368, 29.610061], [102.169339, 29.610159], [102.169302, 29.610255], [102.169201, 29.610454], [102.169129, 29.610599], [102.168934, 29.610892], [102.168859, 29.610979], [102.168779, 29.611063], [102.168689, 29.611145], [102.168594, 29.611223], [102.168494, 29.611296], [102.167952, 29.611643], [102.167389, 29.611983], [102.167323, 29.612031], [102.167161, 29.612178], [102.166984, 29.612359], [102.16682, 29.612535], [102.16573, 29.613739], [102.165442, 29.614138], [102.164083, 29.616097], [102.163939, 29.616313], [102.163862, 29.616461], [102.163741, 29.616758], [102.163641, 29.617043], [102.163587, 29.617221], [102.163534, 29.617476], [102.163493, 29.617728], [102.163446, 29.618969], [102.163444, 29.619073], [102.163441, 29.619285], [102.16347, 29.619854], [102.163482, 29.619967], [102.163499, 29.620081], [102.163523, 29.620193], [102.163676, 29.620522], [102.163855, 29.620561], [102.165596, 29.620988], [102.165809, 29.621035], [102.165594, 29.621834], [102.165362, 29.622738], [102.165155, 29.623215], [102.165037, 29.623613], [102.164813, 29.624628], [102.164747, 29.624824], [102.164676, 29.625019], [102.164581, 29.62526], [102.164479, 29.625497], [102.164171, 29.62614], [102.164161, 29.626161], [102.163995, 29.626488], [102.163924, 29.626608], [102.163846, 29.626725], [102.163762, 29.626838], [102.163678, 29.626938], [102.163588, 29.627035], [102.163493, 29.627127], [102.16338, 29.627242], [102.163275, 29.627363], [102.163177, 29.627489], [102.1631, 29.6276], [102.163029, 29.627714], [102.162964, 29.627831], [102.162844, 29.628088], [102.162786, 29.628228], [102.162734, 29.62837], [102.162675, 29.628554], [102.162624, 29.628741], [102.162581, 29.628929], [102.162024, 29.631519], [102.161993, 29.631663], [102.161975, 29.631763], [102.161959, 29.631936], [102.161974, 29.632005], [102.161996, 29.632073], [102.162026, 29.632139], [102.162067, 29.632208], [102.162117, 29.632273], [102.162174, 29.632333], [102.164129, 29.634073], [102.164384, 29.634282], [102.164666, 29.634513], [102.165092, 29.634882], [102.165283, 29.635058], [102.165481, 29.635229], [102.165683, 29.635392], [102.165891, 29.635548], [102.168174, 29.637017], [102.168905, 29.63754], [102.169193, 29.637768], [102.169376, 29.637927], [102.169551, 29.638093], [102.170094, 29.638647], [102.170262, 29.638792], [102.170435, 29.638933], [102.170607, 29.639065], [102.170783, 29.639193], [102.170963, 29.639316], [102.171221, 29.639456], [102.171484, 29.639588], [102.171702, 29.639692], [102.171924, 29.639791], [102.172148, 29.639884], [102.172376, 29.639973], [102.173435, 29.640443], [102.17355, 29.640494], [102.173955, 29.640727], [102.174163, 29.640857], [102.174367, 29.640991], [102.174572, 29.641112], [102.17478, 29.641228], [102.174979, 29.641332], [102.175181, 29.641432], [102.175386, 29.641526], [102.176223, 29.641894], [102.176553, 29.642069], [102.176713, 29.642197], [102.176867, 29.642332], [102.17709, 29.642552], [102.177757, 29.643311], [102.178428, 29.64419], [102.178729, 29.644556], [102.179025, 29.644925], [102.179316, 29.645298], [102.179691, 29.645793], [102.180056, 29.646293], [102.18055, 29.647076], [102.181097, 29.648116], [102.181223, 29.648437], [102.181335, 29.648745], [102.18144, 29.649272], [102.181509, 29.649463], [102.18163, 29.649762], [102.181747, 29.650027], [102.181805, 29.650131], [102.181897, 29.650238], [102.182023, 29.650352], [102.182171, 29.65046], [102.18225, 29.650508], [102.18233, 29.65055], [102.182494, 29.650614], [102.18275, 29.650695], [102.182862, 29.650726], [102.183044, 29.650775], [102.183172, 29.650817], [102.183296, 29.650866], [102.183416, 29.650923], [102.183531, 29.650988], [102.183646, 29.651063], [102.183754, 29.651145], [102.183854, 29.651235], [102.184066, 29.651525], [102.184117, 29.651606], [102.184174, 29.651684], [102.184239, 29.651758], [102.18431, 29.651827], [102.184439, 29.651928], [102.184995, 29.652259], [102.185193, 29.652357], [102.185385, 29.652463], [102.185572, 29.652576], [102.185716, 29.652671], [102.185857, 29.652771], [102.185993, 29.652875], [102.186238, 29.653079], [102.186356, 29.653169], [102.18648, 29.653255], [102.186607, 29.653336], [102.186745, 29.653415], [102.186888, 29.653488], [102.187238, 29.653654], [102.187349, 29.653714], [102.187457, 29.653779], [102.18756, 29.653849], [102.187659, 29.653923], [102.187752, 29.654002], [102.18784, 29.654084], [102.188294, 29.654578], [102.188376, 29.654642], [102.188464, 29.654699], [102.188558, 29.654749], [102.188657, 29.654791], [102.188758, 29.654824], [102.188863, 29.654848], [102.18897, 29.654864], [102.189137, 29.654874], [102.189304, 29.654876], [102.189447, 29.65487], [102.189589, 29.654859], [102.190666, 29.654754], [102.191368, 29.654694], [102.191506, 29.65469], [102.191643, 29.654693], [102.19178, 29.654702], [102.191917, 29.654717], [102.192039, 29.654736], [102.19228, 29.654789], [102.192464, 29.654849], [102.192645, 29.654917], [102.192821, 29.654993], [102.192991, 29.655079], [102.1932, 29.655195], [102.193395, 29.655295], [102.193533, 29.65536], [102.19441, 29.655752], [102.194562, 29.655833], [102.194709, 29.655921], [102.19485, 29.656015], [102.194983, 29.656116], [102.19511, 29.656222], [102.195243, 29.656356], [102.195933, 29.657078], [102.196774, 29.658056], [102.196844, 29.658146], [102.196906, 29.65824], [102.196961, 29.658337], [102.197009, 29.658437], [102.197048, 29.658539], [102.19708, 29.658643], [102.197103, 29.658748], [102.197118, 29.658866], [102.197123, 29.658985], [102.197061, 29.66008], [102.197016, 29.661049], [102.196981, 29.661483], [102.19697, 29.661783], [102.196943, 29.662022], [102.196926, 29.66217], [102.196898, 29.662304], [102.196861, 29.662437], [102.196814, 29.662567], [102.196767, 29.662676], [102.196713, 29.662783], [102.196175, 29.663729], [102.195876, 29.664274], [102.195813, 29.664407], [102.195756, 29.664543], [102.195705, 29.664681], [102.195627, 29.664934], [102.195436, 29.665552], [102.194972, 29.666977], [102.194923, 29.667104], [102.194885, 29.667233], [102.194862, 29.667338], [102.194846, 29.667444], [102.19478, 29.668151], [102.194765, 29.668253], [102.194744, 29.668354], [102.194646, 29.668706], [102.194549, 29.668966], [102.194489, 29.6691], [102.19423, 29.669601], [102.194116, 29.669854], [102.194059, 29.670009], [102.194009, 29.670165], [102.193836, 29.670803], [102.193711, 29.671181], [102.19364, 29.671367], [102.193102, 29.672591], [102.193011, 29.672849], [102.192974, 29.67298], [102.192931, 29.673158], [102.192898, 29.673337], [102.192821, 29.673922], [102.192601, 29.675458], [102.19258, 29.675619], [102.192566, 29.675781], [102.192559, 29.675944], [102.192559, 29.676145], [102.19257, 29.676346], [102.192741, 29.678347], [102.192842, 29.679539], [102.192925, 29.680103], [102.192971, 29.680317], [102.193074, 29.680717], [102.19351, 29.682148], [102.193569, 29.682312], [102.193635, 29.682473], [102.193724, 29.682666], [102.193824, 29.682855], [102.194379, 29.683791], [102.194704, 29.684363], [102.194941, 29.684876], [102.195422, 29.686005], [102.195476, 29.686116], [102.195583, 29.686311], [102.195669, 29.686436], [102.195763, 29.686557], [102.195844, 29.68665], [102.196019, 29.686826], [102.197701, 29.688218], [102.198683, 29.689058], [102.198834, 29.689216], [102.198894, 29.689296], [102.198945, 29.689381], [102.198982, 29.689453], [102.199039, 29.689603], [102.199152, 29.690082], [102.199339, 29.690837], [102.199361, 29.690948], [102.199383, 29.69115], [102.199385, 29.69124], [102.199377, 29.691339], [102.19936, 29.691437], [102.199337, 29.691524], [102.199308, 29.691608], [102.199272, 29.691691], [102.19923, 29.691772], [102.199131, 29.692095], [102.199129, 29.692271], [102.199141, 29.692389], [102.199163, 29.692506], [102.19925, 29.692876], [102.19928, 29.69308], [102.199281, 29.69329], [102.19924, 29.693483], [102.199171, 29.693678], [102.198567, 29.694921], [102.198419, 29.695231], [102.198293, 29.695548], [102.198197, 29.69586], [102.198133, 29.696175], [102.198083, 29.696469], [102.198019, 29.696742], [102.197915, 29.697014], [102.197787, 29.697245], [102.197293, 29.698077], [102.197238, 29.698179], [102.197191, 29.698286], [102.197154, 29.698398], [102.197124, 29.69851], [102.197087, 29.698662], [102.196793, 29.69986], [102.196752, 29.700038], [102.196725, 29.700216], [102.196711, 29.7004], [102.196707, 29.700563], [102.196717, 29.700887], [102.196806, 29.703611], [102.196821, 29.703799], [102.196856, 29.703986], [102.196917, 29.70417], [102.196993, 29.704337], [102.197058, 29.704449], [102.197365, 29.704985], [102.197448, 29.705174], [102.19752, 29.705442], [102.197544, 29.705747], [102.19754, 29.706035], [102.197537, 29.706275], [102.197504, 29.70711], [102.197454, 29.708569], [102.197438, 29.709764], [102.197443, 29.710081], [102.197464, 29.710219], [102.19751, 29.710391], [102.197666, 29.710827], [102.197969, 29.711639], [102.198158, 29.712176], [102.198228, 29.712536], [102.198255, 29.712906], [102.198287, 29.713137], [102.198304, 29.713216], [102.198335, 29.713319], [102.198413, 29.713518], [102.198559, 29.71383], [102.198644, 29.714057], [102.198677, 29.71417], [102.198696, 29.714286], [102.198704, 29.714403], [102.198703, 29.714515], [102.198681, 29.714773], [102.198675, 29.714919], [102.198675, 29.715083], [102.198683, 29.715248], [102.198783, 29.716183], [102.198849, 29.716706], [102.19889, 29.716911], [102.198919, 29.717012], [102.198962, 29.717139], [102.199013, 29.717263], [102.199072, 29.717385], [102.199412, 29.718029], [102.199679, 29.718584], [102.199722, 29.7187], [102.19976, 29.718816], [102.199789, 29.718932], [102.199813, 29.719048], [102.199857, 29.719338], [102.199879, 29.719514], [102.199885, 29.71956], [102.199896, 29.719654], [102.199943, 29.71983], [102.199993, 29.719972], [102.20004, 29.72008], [102.200351, 29.720894], [102.200662, 29.721597], [102.200667, 29.72161], [102.200992, 29.722376], [102.201047, 29.722516], [102.201126, 29.722754], [102.201171, 29.722968], [102.201185, 29.723077], [102.201197, 29.723234], [102.201199, 29.723391], [102.201186, 29.7236], [102.201107, 29.724959], [102.201008, 29.726074], [102.200954, 29.726892], [102.200935, 29.72705], [102.200909, 29.727208], [102.200802, 29.727621], [102.200544, 29.728392], [102.200525, 29.728453], [102.200438, 29.72874], [102.20033, 29.729091], [102.200291, 29.729255], [102.200259, 29.729426], [102.200173, 29.730096], [102.200139, 29.730268], [102.200097, 29.730438], [102.200031, 29.730605], [102.199935, 29.730824], [102.199815, 29.73103], [102.19896, 29.732236], [102.198807, 29.732452], [102.198384, 29.733068], [102.198263, 29.733261], [102.198178, 29.733416], [102.198144, 29.733493], [102.198117, 29.733572], [102.198095, 29.733659], [102.198082, 29.733747], [102.198076, 29.733872], [102.198078, 29.733997], [102.198087, 29.73413], [102.198104, 29.734263], [102.198215, 29.734873], [102.198319, 29.735558], [102.198327, 29.735813], [102.198328, 29.736146], [102.198303, 29.736353], [102.198266, 29.736587], [102.198105, 29.737324], [102.198008, 29.737822], [102.197973, 29.738022], [102.197921, 29.738451], [102.197915, 29.73866], [102.197925, 29.73886], [102.197945, 29.739063], [102.197975, 29.739265], [102.198015, 29.739465], [102.198064, 29.739664], [102.198123, 29.739861], [102.198228, 29.740145], [102.198343, 29.740427], [102.198467, 29.740705], [102.198586, 29.740951], [102.198713, 29.741195], [102.1991, 29.74172], [102.199679, 29.742318], [102.200256, 29.742912], [102.20042, 29.743113], [102.200589, 29.743393], [102.200748, 29.743677], [102.200897, 29.743965], [102.201026, 29.744236], [102.201147, 29.744509], [102.20126, 29.744785], [102.201363, 29.745064], [102.201705, 29.746075], [102.201779, 29.746288], [102.201845, 29.746502], [102.201936, 29.746864], [102.201976, 29.747187], [102.202023, 29.747889], [102.202102, 29.748446], [102.202131, 29.748558], [102.202169, 29.748668], [102.202213, 29.748765], [102.202263, 29.748859], [102.202324, 29.748935], [102.20239, 29.749007], [102.202462, 29.749075], [102.202553, 29.749151], [102.202651, 29.74922], [102.202738, 29.749262], [102.202828, 29.749298], [102.202921, 29.749329], [102.203015, 29.749355], [102.203112, 29.749375], [102.20321, 29.74939], [102.203326, 29.749402], [102.203639, 29.749436], [102.204792, 29.749473], [102.20509, 29.749499], [102.205197, 29.749512], [102.205412, 29.749553], [102.205521, 29.749581], [102.206277, 29.749827], [102.20645, 29.749884], [102.208364, 29.750512], [102.20956, 29.750905], [102.210294, 29.751146], [102.210745, 29.751295], [102.211386, 29.751505], [102.211605, 29.751593], [102.211752, 29.751671], [102.211868, 29.751769], [102.21197, 29.751865], [102.211999, 29.751901], [102.212073, 29.75201], [102.212141, 29.752122], [102.212265, 29.752379], [102.212357, 29.752594], [102.212429, 29.752808], [102.212469, 29.753039], [102.212477, 29.753237], [102.212488, 29.753722], [102.212502, 29.754082], [102.212525, 29.754649], [102.21254, 29.755291], [102.212552, 29.755536], [102.212562, 29.756165], [102.212569, 29.756332], [102.212595, 29.756497], [102.212632, 29.756825], [102.21267, 29.757011], [102.212807, 29.757687], [102.212822, 29.757867], [102.212823, 29.75801], [102.212796, 29.7583], [102.212784, 29.7584], [102.212766, 29.758675], [102.212765, 29.758746], [102.212767, 29.758871], [102.21281, 29.759083], [102.212855, 29.75923], [102.212896, 29.759308], [102.213015, 29.759505], [102.213254, 29.759837], [102.213284, 29.759887], [102.213373, 29.760117], [102.213384, 29.760158], [102.213398, 29.760256], [102.213405, 29.760374], [102.213404, 29.760445], [102.213315, 29.761116], [102.213312, 29.761148], [102.213279, 29.76147], [102.21329, 29.761538], [102.213316, 29.761642], [102.213337, 29.761707], [102.213351, 29.761749], [102.213379, 29.761808], [102.213449, 29.761901], [102.213538, 29.761996], [102.213595, 29.762047], [102.213676, 29.762101], [102.213752, 29.762135], [102.213973, 29.762205], [102.214294, 29.762321], [102.214452, 29.762415], [102.214562, 29.762495], [102.214588, 29.762522], [102.214636, 29.762584], [102.214731, 29.762733], [102.214775, 29.762809], [102.215006, 29.763283], [102.215116, 29.763425], [102.215204, 29.763523], [102.215278, 29.76359], [102.215453, 29.763712], [102.215676, 29.763854], [102.215703, 29.763875], [102.215765, 29.763931], [102.215855, 29.764025], [102.215909, 29.76409], [102.215962, 29.764212], [102.215989, 29.7643], [102.215996, 29.764343], [102.215993, 29.764392], [102.215953, 29.764643], [102.215841, 29.765091], [102.215817, 29.765291], [102.215807, 29.765457], [102.215813, 29.765583], [102.215834, 29.765741], [102.215864, 29.765841], [102.215951, 29.766085], [102.216525, 29.767354], [102.217085, 29.768531], [102.217199, 29.768722], [102.21732, 29.768909], [102.217459, 29.769112], [102.217606, 29.76931], [102.217723, 29.769445], [102.217945, 29.769723], [102.218078, 29.769909], [102.218202, 29.770098], [102.21826, 29.770198], [102.21831, 29.770301], [102.218344, 29.770388], [102.218372, 29.770478], [102.218393, 29.770568], [102.218495, 29.770824], [102.218642, 29.771053], [102.218718, 29.771133], [102.218798, 29.77121], [102.218883, 29.771282], [102.218972, 29.771351], [102.219051, 29.7714], [102.219125, 29.771453], [102.219195, 29.771511], [102.219263, 29.771577], [102.219326, 29.771647], [102.219383, 29.771721], [102.219435, 29.771814], [102.219525, 29.772007], [102.219564, 29.772113], [102.219597, 29.772221], [102.219623, 29.77233], [102.219643, 29.77244], [102.219699, 29.772871], [102.219733, 29.772968], [102.219777, 29.773062], [102.219827, 29.773149], [102.219884, 29.773232], [102.219949, 29.773311], [102.220209, 29.773667], [102.220426, 29.774019], [102.220686, 29.774614], [102.220787, 29.774912], [102.220854, 29.775063], [102.220893, 29.775142], [102.220928, 29.775213], [102.22101, 29.775366], [102.221099, 29.775517], [102.221468, 29.776029], [102.221986, 29.776794], [102.222091, 29.776958], [102.222292, 29.777244], [102.222387, 29.777366], [102.222487, 29.777474], [102.222595, 29.777576], [102.22271, 29.777673], [102.222809, 29.777747], [102.222913, 29.777817], [102.223399, 29.778107], [102.223456, 29.778136], [102.223508, 29.778171], [102.223556, 29.77821], [102.2236, 29.778256], [102.223667, 29.77835], [102.223712, 29.778446], [102.223731, 29.778534], [102.22374, 29.778624], [102.22374, 29.778696], [102.223734, 29.778768], [102.223722, 29.778839], [102.223685, 29.778956], [102.223641, 29.779072], [102.223585, 29.779193], [102.223543, 29.779269], [102.223521, 29.77931], [102.223449, 29.779424], [102.2231, 29.779932], [102.2221, 29.781166], [102.221416, 29.781995], [102.220737, 29.782751], [102.220624, 29.782908], [102.220519, 29.78307], [102.220423, 29.783235], [102.220343, 29.78339], [102.220271, 29.783549], [102.220207, 29.783709], [102.21977, 29.784874], [102.219523, 29.785541], [102.219439, 29.785682], [102.219378, 29.785766], [102.219325, 29.78583], [102.219269, 29.78589], [102.219086, 29.786068], [102.219026, 29.786137], [102.218914, 29.786288], [102.218863, 29.78637], [102.218818, 29.786455], [102.218696, 29.786851], [102.21853, 29.787281], [102.21839, 29.787579], [102.218208, 29.787942], [102.217881, 29.788481], [102.217579, 29.789001], [102.217481, 29.789253], [102.217454, 29.789351], [102.217404, 29.78967], [102.217326, 29.790444], [102.217283, 29.79069], [102.217231, 29.790921], [102.21715, 29.79118], [102.217066, 29.791392], [102.216967, 29.791567], [102.216883, 29.791694], [102.216822, 29.791776], [102.216712, 29.791906], [102.216431, 29.792214], [102.216087, 29.792575], [102.215779, 29.792865], [102.215011, 29.793614], [102.214705, 29.793878], [102.21451, 29.794037], [102.21447, 29.794067], [102.214366, 29.794129], [102.214129, 29.794248], [102.213448, 29.794499], [102.21326, 29.794589], [102.213098, 29.794678], [102.212939, 29.794771], [102.212829, 29.794851], [102.212582, 29.795043], [102.212398, 29.795164], [102.212275, 29.795228], [102.212147, 29.795286], [102.211994, 29.795347], [102.211836, 29.795399], [102.211466, 29.795495], [102.211336, 29.795528], [102.211196, 29.795573], [102.211058, 29.795625], [102.21094, 29.795676], [102.210824, 29.795731], [102.210598, 29.795861], [102.209763, 29.796401], [102.209641, 29.796488], [102.209525, 29.796582], [102.209434, 29.796666], [102.209349, 29.796754], [102.209269, 29.796847], [102.208846, 29.797387], [102.208396, 29.798047], [102.208152, 29.798368], [102.207928, 29.798628], [102.207769, 29.798804], [102.207688, 29.798874], [102.207601, 29.798938], [102.207508, 29.798995], [102.20743, 29.799037], [102.207348, 29.799074], [102.207264, 29.799107], [102.20698, 29.799197], [102.206846, 29.79924], [102.206715, 29.79929], [102.206588, 29.799348], [102.206466, 29.799412], [102.206348, 29.799483], [102.206236, 29.79956], [102.206138, 29.799638], [102.206048, 29.799723], [102.205931, 29.799861], [102.205691, 29.800224], [102.205548, 29.800481], [102.205485, 29.800586], [102.205414, 29.800687], [102.205343, 29.800777], [102.205266, 29.800864], [102.205183, 29.800947], [102.204511, 29.801565], [102.204459, 29.801629], [102.20441, 29.801698], [102.204325, 29.801847], [102.204294, 29.801927], [102.204274, 29.802002], [102.204263, 29.802079], [102.204261, 29.802163], [102.204267, 29.802246], [102.204279, 29.802303], [102.204294, 29.802378], [102.204315, 29.802442], [102.20451, 29.802912], [102.204527, 29.803058], [102.204524, 29.803214], [102.204513, 29.803316], [102.204495, 29.803418], [102.204437, 29.803683], [102.204327, 29.804189], [102.204315, 29.804268], [102.20431, 29.804347], [102.20431, 29.804426], [102.204315, 29.804533], [102.204327, 29.804639], [102.20435, 29.804761], [102.204381, 29.80488], [102.204547, 29.805483], [102.204583, 29.80561], [102.204625, 29.805734], [102.204668, 29.805849], [102.204716, 29.805963], [102.204785, 29.806074], [102.204863, 29.806182], [102.20495, 29.806284], [102.205043, 29.806378], [102.205144, 29.806466], [102.205251, 29.806548], [102.20645, 29.807527], [102.207322, 29.808235], [102.207387, 29.808277], [102.207457, 29.808316], [102.207531, 29.808354], [102.207607, 29.80839], [102.207681, 29.808421], [102.207759, 29.80845], [102.207838, 29.808473], [102.207918, 29.808493], [102.208233, 29.808561], [102.208319, 29.808585], [102.208401, 29.808614], [102.208478, 29.808651], [102.208553, 29.808693], [102.208622, 29.808738], [102.208689, 29.808789], [102.208751, 29.808844], [102.208806, 29.808899], [102.208913, 29.809032], [102.209007, 29.809171], [102.209168, 29.809463], [102.209315, 29.809772], [102.209431, 29.810072], [102.20954, 29.810382], [102.209635, 29.810695], [102.20971, 29.811011], [102.209767, 29.811338], [102.209809, 29.811663], [102.209826, 29.811993], [102.209824, 29.81232], [102.209819, 29.812652], [102.209794, 29.812976], [102.209761, 29.813301], [102.209705, 29.813625], [102.209627, 29.81395], [102.209152, 29.815474], [102.209066, 29.815778], [102.209, 29.8161], [102.208961, 29.816417], [102.20895, 29.816725], [102.208954, 29.817036], [102.208986, 29.817353], [102.209041, 29.817661], [102.209122, 29.817966], [102.209895, 29.820162], [102.20998, 29.820437], [102.210054, 29.820713], [102.21012, 29.820991], [102.210172, 29.821276], [102.210218, 29.821562], [102.210258, 29.821847], [102.210295, 29.822132], [102.210338, 29.822415], [102.210413, 29.822812], [102.210518, 29.823204], [102.210644, 29.823583], [102.210795, 29.823956], [102.211187, 29.824849], [102.211259, 29.82509], [102.211304, 29.825347], [102.211328, 29.825605], [102.211319, 29.825865], [102.211288, 29.826116], [102.211237, 29.826368], [102.211166, 29.826603], [102.211067, 29.826841], [102.210141, 29.828644], [102.209259, 29.830343], [102.208829, 29.831159], [102.208712, 29.831396], [102.208614, 29.831611], [102.208432, 29.832054], [102.208369, 29.832227], [102.208269, 29.832546], [102.208213, 29.83274], [102.207549, 29.835307], [102.207425, 29.835829], [102.207411, 29.835908], [102.207317, 29.83659], [102.207169, 29.837755], [102.207098, 29.838099], [102.207026, 29.838255], [102.20693, 29.838431], [102.206861, 29.838535], [102.206309, 29.839253], [102.206141, 29.839496], [102.206075, 29.839603], [102.206023, 29.839707], [102.205978, 29.839813], [102.205941, 29.839922], [102.205912, 29.840029], [102.20589, 29.840137], [102.205876, 29.840246], [102.205778, 29.8412], [102.205738, 29.841663], [102.205719, 29.841834], [102.205691, 29.842004], [102.205663, 29.842146], [102.205589, 29.842426], [102.205411, 29.842933], [102.205381, 29.843047], [102.205358, 29.843163], [102.205341, 29.843279], [102.205329, 29.84342], [102.205327, 29.843562], [102.205379, 29.844535], [102.205408, 29.844783], [102.205433, 29.844928], [102.205544, 29.84527], [102.205674, 29.845518], [102.205887, 29.84594], [102.205933, 29.846123], [102.205966, 29.846299], [102.205966, 29.846335], [102.205922, 29.846737], [102.205846, 29.84737], [102.205841, 29.847474], [102.205843, 29.847656], [102.205851, 29.847769], [102.205901, 29.847957], [102.205937, 29.848073], [102.205962, 29.848126], [102.206721, 29.849323], [102.207247, 29.850178], [102.207677, 29.850854], [102.207757, 29.850997], [102.208197, 29.851829], [102.20912, 29.853745], [102.20946, 29.854464], [102.209547, 29.854762], [102.209565, 29.854879], [102.209591, 29.855191], [102.209631, 29.856198], [102.209633, 29.856376], [102.209607, 29.856702], [102.209578, 29.856805], [102.209516, 29.856966], [102.209297, 29.857413], [102.209212, 29.857646], [102.2092, 29.857698], [102.209127, 29.858112], [102.209074, 29.85836], [102.209028, 29.858576], [102.208958, 29.858779], [102.208364, 29.860226], [102.208316, 29.860388], [102.208276, 29.860557], [102.208255, 29.860712], [102.20818, 29.861639], [102.208175, 29.861802], [102.208205, 29.861941], [102.208241, 29.86208], [102.208278, 29.862183], [102.208451, 29.862554], [102.208564, 29.862814], [102.2086, 29.862939], [102.208612, 29.863017], [102.20862, 29.86311], [102.208611, 29.863382], [102.20858, 29.863799], [102.20858, 29.863953], [102.208589, 29.864115], [102.208608, 29.864351], [102.208695, 29.864906], [102.208699, 29.865052], [102.208687, 29.865224], [102.208671, 29.865365], [102.208541, 29.865811], [102.208499, 29.865977], [102.20848, 29.866068], [102.208465, 29.866597], [102.208436, 29.866827], [102.208425, 29.866983], [102.208422, 29.86807], [102.208454, 29.868268], [102.208577, 29.8686], [102.208624, 29.868752], [102.208727, 29.868894], [102.20948, 29.86932], [102.210663, 29.869929], [102.211346, 29.870271], [102.211423, 29.870309], [102.212588, 29.870892], [102.212873, 29.871041], [102.212929, 29.871081], [102.213213, 29.871326], [102.213526, 29.871616], [102.215424, 29.873425], [102.215532, 29.873556], [102.215834, 29.873957], [102.216937, 29.875554], [102.217305, 29.876109], [102.217624, 29.876555], [102.217964, 29.87703], [102.218028, 29.877144], [102.218231, 29.877513], [102.218441, 29.877911], [102.219285, 29.879781], [102.219715, 29.880769], [102.219763, 29.8809], [102.21994, 29.881634], [102.219989, 29.881909], [102.219997, 29.882142], [102.219996, 29.882311], [102.21999, 29.882938], [102.21998, 29.88315], [102.219946, 29.883458], [102.219906, 29.883642], [102.219614, 29.884744], [102.219577, 29.884926], [102.219555, 29.885205], [102.219542, 29.885556], [102.219539, 29.885912], [102.219543, 29.886206], [102.219571, 29.886523], [102.219582, 29.886604], [102.21848, 29.886813], [102.218154, 29.88696], [102.2179, 29.887402], [102.217825, 29.887796], [102.218095, 29.889525], [102.218022, 29.889825], [102.217985, 29.889939], [102.217898, 29.890128], [102.217816, 29.890252], [102.217782, 29.890305], [102.216805, 29.891458], [102.216306, 29.892225], [102.216234, 29.892442], [102.216105, 29.892514], [102.216006, 29.892602], [102.215896, 29.892728], [102.215844, 29.89285], [102.215716, 29.893214], [102.215488, 29.893956], [102.215151, 29.89492], [102.2151, 29.895095], [102.215056, 29.895262], [102.215037, 29.895376], [102.215032, 29.895564], [102.215043, 29.895747], [102.215082, 29.895888], [102.215153, 29.896095], [102.215528, 29.896986], [102.215892, 29.897881], [102.216067, 29.898313], [102.216304, 29.898861], [102.216532, 29.899364], [102.216815, 29.899797], [102.216821, 29.899807], [102.217677, 29.900985], [102.217767, 29.901098], [102.217966, 29.901311], [102.218071, 29.901409], [102.218296, 29.901592], [102.219979, 29.902796], [102.220219, 29.902987], [102.220395, 29.903147], [102.220602, 29.90338], [102.220815, 29.903656], [102.221818, 29.905073], [102.221992, 29.905268], [102.222106, 29.905383], [102.222247, 29.905501], [102.222379, 29.9056], [102.223506, 29.906321], [102.223838, 29.906569], [102.223932, 29.906658], [102.22438, 29.907158], [102.224587, 29.907392], [102.224785, 29.907565], [102.224968, 29.907692], [102.225241, 29.907814], [102.225316, 29.90785], [102.22623, 29.908146], [102.2264, 29.908204], [102.226743, 29.908322], [102.226932, 29.908398], [102.227038, 29.90846], [102.227143, 29.908543], [102.227192, 29.908594], [102.227291, 29.908739], [102.227333, 29.908811], [102.227374, 29.908903], [102.22739, 29.909002], [102.227397, 29.909116], [102.227372, 29.909388], [102.227369, 29.909426], [102.227364, 29.909484], [102.227186, 29.910577], [102.227093, 29.911398], [102.227075, 29.912003], [102.227136, 29.912488], [102.227234, 29.912892], [102.227436, 29.913544], [102.228099, 29.914855], [102.228554, 29.915518], [102.228805, 29.915842], [102.228934, 29.916057], [102.228962, 29.916166], [102.228973, 29.916272], [102.228974, 29.916385], [102.228963, 29.916498], [102.228874, 29.916901], [102.228659, 29.917876], [102.228621, 29.918007], [102.228575, 29.918136], [102.228517, 29.918266], [102.22845, 29.918394], [102.227908, 29.919219], [102.227848, 29.919317], [102.227747, 29.91952], [102.227677, 29.919718], [102.22756, 29.92018], [102.227466, 29.920624], [102.227396, 29.920904], [102.227358, 29.921013], [102.227315, 29.921121], [102.227224, 29.921304], [102.227216, 29.921321], [102.227103, 29.921505], [102.226954, 29.921768], [102.226899, 29.921903], [102.226853, 29.92204], [102.226822, 29.922151], [102.22678, 29.922377], [102.226649, 29.923464], [102.226477, 29.924539], [102.226357, 29.925236], [102.226343, 29.925435], [102.226351, 29.925634], [102.226385, 29.92659], [102.22649, 29.927501], [102.226607, 29.927907], [102.226688, 29.92808], [102.226766, 29.928229], [102.226881, 29.928419], [102.22695, 29.928526], [102.227187, 29.928883], [102.227567, 29.929379], [102.22767, 29.92954], [102.227764, 29.929705], [102.227834, 29.929869], [102.227882, 29.930028], [102.227976, 29.930488], [102.22808, 29.930997], [102.228122, 29.931202], [102.228377, 29.932157], [102.228414, 29.932296], [102.228433, 29.932367], [102.228647, 29.933117], [102.228723, 29.933425], [102.228752, 29.933627], [102.228763, 29.933768], [102.228758, 29.93393], [102.228736, 29.934094], [102.228701, 29.934259], [102.228653, 29.934415], [102.228592, 29.934568], [102.228527, 29.9347], [102.228462, 29.93482], [102.228378, 29.93496], [102.228247, 29.93518], [102.227887, 29.935795], [102.220517, 29.946843], [102.220325, 29.947111], [102.220102, 29.947398], [102.219908, 29.94763], [102.219745, 29.947803], [102.219584, 29.947964], [102.219439, 29.948092], [102.219287, 29.948215], [102.21913, 29.948332], [102.21901, 29.948412], [102.218853, 29.948515], [102.218688, 29.948608], [102.218512, 29.948701], [102.218096, 29.948888], [102.217809, 29.949017], [102.217607, 29.949113], [102.217387, 29.949227], [102.217172, 29.949348], [102.216803, 29.949568], [102.216472, 29.949741], [102.216272, 29.949834], [102.216069, 29.949921], [102.215862, 29.950003], [102.214772, 29.950417], [102.214579, 29.950505], [102.214488, 29.950555], [102.214387, 29.950617], [102.214291, 29.950685], [102.213412, 29.951433], [102.213296, 29.951522], [102.21319, 29.95159], [102.213095, 29.951636], [102.212996, 29.951676], [102.212886, 29.951714], [102.212772, 29.951746], [102.212204, 29.95186], [102.212105, 29.95189], [102.21201, 29.951927], [102.211919, 29.951972], [102.211834, 29.952023], [102.211673, 29.952138], [102.211581, 29.952215], [102.211495, 29.952298], [102.210145, 29.95372], [102.209618, 29.954254], [102.209484, 29.954421], [102.209453, 29.95447], [102.209406, 29.954574], [102.209387, 29.954638], [102.209375, 29.954702], [102.209378, 29.954813], [102.209386, 29.954924], [102.209404, 29.955056], [102.20943, 29.955187], [102.209606, 29.955753], [102.20965, 29.955949], [102.209658, 29.956019], [102.209659, 29.95609], [102.209654, 29.95616], [102.209642, 29.956231], [102.209624, 29.956301], [102.209599, 29.95637], [102.209473, 29.956581], [102.209379, 29.956718], [102.208635, 29.957654], [102.208523, 29.957798], [102.207763, 29.958775], [102.207364, 29.95932], [102.207236, 29.959494], [102.207123, 29.959692], [102.207091, 29.959793], [102.207075, 29.959912], [102.207073, 29.960013], [102.207081, 29.960114], [102.207128, 29.960327], [102.207173, 29.960474], [102.207229, 29.960618], [102.207547, 29.961288], [102.207649, 29.961547], [102.207706, 29.96172], [102.207754, 29.961896], [102.207915, 29.962731], [102.207963, 29.963006], [102.208066, 29.9636], [102.208074, 29.963649], [102.208104, 29.963756], [102.208139, 29.963852], [102.208181, 29.963946], [102.20823, 29.964037], [102.208299, 29.964122], [102.208375, 29.964202], [102.208452, 29.964273], [102.208534, 29.964339], [102.208622, 29.9644], [102.209513, 29.964934], [102.209606, 29.964994], [102.209695, 29.965059], [102.209779, 29.965129], [102.209928, 29.965275], [102.210008, 29.965368], [102.210083, 29.965463], [102.211275, 29.967126], [102.211371, 29.967285], [102.211419, 29.967402], [102.211453, 29.96754], [102.21145, 29.967602], [102.21144, 29.967663], [102.211422, 29.967722], [102.211398, 29.967775], [102.211369, 29.967826], [102.211333, 29.967873], [102.211292, 29.967917], [102.211137, 29.968051], [102.211014, 29.968151], [102.210755, 29.968339], [102.210397, 29.968622], [102.210339, 29.968684], [102.210289, 29.96875], [102.210247, 29.968821], [102.210069, 29.969231], [102.209653, 29.970227], [102.209374, 29.970937], [102.2093, 29.971157], [102.209253, 29.971352], [102.209242, 29.971514], [102.20924, 29.971676], [102.209245, 29.971804], [102.209272, 29.97206], [102.209459, 29.973291], [102.209594, 29.974177], [102.209631, 29.974461], [102.209636, 29.974697], [102.20963, 29.974815], [102.209615, 29.974964], [102.209591, 29.975113], [102.209494, 29.97558], [102.209218, 29.976917], [102.208985, 29.978042], [102.208862, 29.978637], [102.208832, 29.978781], [102.208807, 29.978873], [102.208774, 29.978963], [102.208737, 29.979047], [102.208694, 29.979129], [102.208646, 29.979208], [102.208416, 29.979519], [102.207845, 29.980218], [102.207512, 29.980624], [102.207376, 29.98083], [102.207331, 29.980909], [102.207293, 29.980991], [102.207258, 29.981079], [102.20724, 29.981149], [102.207168, 29.981557], [102.207086, 29.982363], [102.206975, 29.983538], [102.206941, 29.983809], [102.206896, 29.984173], [102.206858, 29.984569], [102.206791, 29.985098], [102.206703, 29.985985], [102.206601, 29.986601], [102.206552, 29.986839], [102.206381, 29.987371], [102.205943, 29.988468], [102.20574, 29.988998], [102.205676, 29.989183], [102.205626, 29.989481], [102.205604, 29.989633], [102.205524, 29.990714], [102.205473, 29.991599], [102.20548, 29.9919], [102.205501, 29.992127], [102.205514, 29.992401], [102.20552, 29.992678], [102.205517, 29.992784], [102.205488, 29.992917], [102.205431, 29.993086], [102.205405, 29.99314], [102.205203, 29.993495], [102.205131, 29.993635], [102.205072, 29.993792], [102.205025, 29.993962], [102.205002, 29.994093], [102.204995, 29.994164], [102.204992, 29.994307], [102.205004, 29.994509], [102.205034, 29.99476], [102.205015, 29.994962], [102.204976, 29.995193], [102.204954, 29.995257], [102.204894, 29.995399], [102.204805, 29.995577], [102.2047, 29.995725], [102.204349, 29.996199], [102.204281, 29.996299], [102.204227, 29.996388], [102.204173, 29.996515], [102.204148, 29.996598], [102.204121, 29.996709], [102.204109, 29.996894], [102.204113, 29.997013], [102.204248, 29.997517], [102.204267, 29.997623], [102.204279, 29.997724], [102.204276, 29.997774], [102.204265, 29.997818], [102.204237, 29.997903], [102.2042, 29.997992], [102.204172, 29.998041], [102.204101, 29.998124], [102.203452, 29.998791], [102.202685, 29.999604], [102.202312, 29.999986], [102.202107, 30.000157], [102.201698, 30.000464], [102.201435, 30.000643], [102.201335, 30.000712], [102.20072, 30.001114], [102.199881, 30.001614], [102.199552, 30.001816], [102.199037, 30.002162], [102.19851, 30.002542], [102.198293, 30.002714], [102.198035, 30.002953], [102.197264, 30.003726], [102.197172, 30.003802], [102.197066, 30.003879], [102.196832, 30.00403], [102.196747, 30.004071], [102.196488, 30.004174], [102.195438, 30.004582], [102.195364, 30.004606], [102.195198, 30.004642], [102.194865, 30.004702], [102.193345, 30.004897], [102.193256, 30.004917], [102.193186, 30.004941], [102.193131, 30.004969], [102.193019, 30.005042], [102.192886, 30.00514], [102.192769, 30.005233], [102.19235, 30.00566], [102.192319, 30.005691], [102.192146, 30.005868], [102.191898, 30.006121], [102.190635, 30.007435], [102.190502, 30.007577], [102.190408, 30.007678], [102.189397, 30.008762], [102.189272, 30.008915], [102.189244, 30.00895], [102.189099, 30.009143], [102.189089, 30.009157], [102.188966, 30.009332], [102.18884, 30.009525], [102.18876, 30.009656], [102.188685, 30.009791], [102.188636, 30.009887], [102.188607, 30.009945], [102.188545, 30.010085], [102.188537, 30.010103], [102.18818, 30.010966], [102.188, 30.011435], [102.187809, 30.011933], [102.187762, 30.012056], [102.187647, 30.012298], [102.18752, 30.012478], [102.187441, 30.012573], [102.187373, 30.012638], [102.1873, 30.0127], [102.187222, 30.012758], [102.187191, 30.012778], [102.187141, 30.012811], [102.187037, 30.01287], [102.186928, 30.012923], [102.186815, 30.012968], [102.186017, 30.013242], [102.185956, 30.013264], [102.184982, 30.013614], [102.184904, 30.013655], [102.18485, 30.013691], [102.184832, 30.013703], [102.18468, 30.01383], [102.184577, 30.013973], [102.184534, 30.014049], [102.18449, 30.014141], [102.184454, 30.014236], [102.184427, 30.014332], [102.18438, 30.014562], [102.184301, 30.014958], [102.184117, 30.015787], [102.184071, 30.015977], [102.184018, 30.016165], [102.183957, 30.016352], [102.183889, 30.016537], [102.183813, 30.01672], [102.183729, 30.0169], [102.183559, 30.017293], [102.183498, 30.017458], [102.183446, 30.017625], [102.183402, 30.017802], [102.183367, 30.017981], [102.182996, 30.020519], [102.182914, 30.020925], [102.182866, 30.021127], [102.182801, 30.021366], [102.182729, 30.021604], [102.182602, 30.021971], [102.182599, 30.021981], [102.182487, 30.022269], [102.182364, 30.022554], [102.182231, 30.022835], [102.18177, 30.024002], [102.18173, 30.024138], [102.181698, 30.024276], [102.181675, 30.024415], [102.181659, 30.024568], [102.181653, 30.024721], [102.181657, 30.024874], [102.181657, 30.025112], [102.181656, 30.026001], [102.181651, 30.026713], [102.181644, 30.027648], [102.181623, 30.027986], [102.181598, 30.028378], [102.18158, 30.028531], [102.181555, 30.028682], [102.181491, 30.028957], [102.181455, 30.029079], [102.181327, 30.029452], [102.18115, 30.029969], [102.181108, 30.030108], [102.181075, 30.030249], [102.181052, 30.030391], [102.181042, 30.030508], [102.181038, 30.030625], [102.18104, 30.030742], [102.181151, 30.031981], [102.181164, 30.032343], [102.181162, 30.032417], [102.181149, 30.032522], [102.181142, 30.032564], [102.181089, 30.032857], [102.181047, 30.033007], [102.180963, 30.033247], [102.180618, 30.034131], [102.180508, 30.034438], [102.180098, 30.035682], [102.17978, 30.036664], [102.17968, 30.036937], [102.179599, 30.037125], [102.179382, 30.0375], [102.179326, 30.037596], [102.178884, 30.038283], [102.178436, 30.038994], [102.177382, 30.040625], [102.177229, 30.040869], [102.177076, 30.041095], [102.176887, 30.041355], [102.176751, 30.041498], [102.176592, 30.041633], [102.176503, 30.041696], [102.17641, 30.041755], [102.175181, 30.042451], [102.174274, 30.042973], [102.174035, 30.04309], [102.1739, 30.043157], [102.173589, 30.043281], [102.173509, 30.043307], [102.173287, 30.043368], [102.172892, 30.043466], [102.171571, 30.043709], [102.17138, 30.043753], [102.171171, 30.043812], [102.171022, 30.043861], [102.170822, 30.043947], [102.169375, 30.044632], [102.168821, 30.044886], [102.16827, 30.045148], [102.167582, 30.045489], [102.167034, 30.045712], [102.166656, 30.045873], [102.16628, 30.046039], [102.165182, 30.046603], [102.164039, 30.047219], [102.163923, 30.047285], [102.163716, 30.047418], [102.163536, 30.047556], [102.163378, 30.047701], [102.163304, 30.047778], [102.162745, 30.048325], [102.161923, 30.049182], [102.161325, 30.049752], [102.160985, 30.050059], [102.160595, 30.050412], [102.160115, 30.050896], [102.159682, 30.051312], [102.159212, 30.051696], [102.159048, 30.051824], [102.158959, 30.051878], [102.158876, 30.051938], [102.1588, 30.052005], [102.15873, 30.052077], [102.158683, 30.052133], [102.158601, 30.052253], [102.158557, 30.052341], [102.158522, 30.052432], [102.158495, 30.052525], [102.158478, 30.052614], [102.15847, 30.052705], [102.158475, 30.052791], [102.158488, 30.052877], [102.158507, 30.052961], [102.158536, 30.053052], [102.158573, 30.053142], [102.158617, 30.053228], [102.158669, 30.053311], [102.158996, 30.053725], [102.159154, 30.053925], [102.159224, 30.054031], [102.159286, 30.054141], [102.159334, 30.054238], [102.159376, 30.054337], [102.159412, 30.054438], [102.159442, 30.05454], [102.159474, 30.054835], [102.159482, 30.054995], [102.159482, 30.055156], [102.159521, 30.056143], [102.159553, 30.056342], [102.159593, 30.05654], [102.159641, 30.056728], [102.159698, 30.056913], [102.159812, 30.057236], [102.159871, 30.057372], [102.159939, 30.057504], [102.160015, 30.057634], [102.1601, 30.057759], [102.160197, 30.057883], [102.160302, 30.058003], [102.16038, 30.058076], [102.160465, 30.058143], [102.160556, 30.058204], [102.161388, 30.058722], [102.161493, 30.05878], [102.161593, 30.058845], [102.161687, 30.058916], [102.161774, 30.058993], [102.161835, 30.059054], [102.161891, 30.059118], [102.162004, 30.059267], [102.162072, 30.059347], [102.162145, 30.059423], [102.162223, 30.059494], [102.162322, 30.059572], [102.162427, 30.059643], [102.162522, 30.05969], [102.16262, 30.059732], [102.162793, 30.05979], [102.163586, 30.059986], [102.164157, 30.060142], [102.164239, 30.06017], [102.164316, 30.060206], [102.164389, 30.06025], [102.164455, 30.0603], [102.164499, 30.06034], [102.164574, 30.060428], [102.164699, 30.060657], [102.164734, 30.060716], [102.164777, 30.060771], [102.164826, 30.060821], [102.164883, 30.060866], [102.164944, 30.060904], [102.165125, 30.060983], [102.165309, 30.061054], [102.165447, 30.061101], [102.165728, 30.061181], [102.166886, 30.061528], [102.16702, 30.06156], [102.16729, 30.061608], [102.167455, 30.061627], [102.167621, 30.061638], [102.168642, 30.061609], [102.169118, 30.061596], [102.169355, 30.061587], [102.16962, 30.061559], [102.173621, 30.062113], [102.174071, 30.062362], [102.174182, 30.062469], [102.174987, 30.063244], [102.175176, 30.063455], [102.175288, 30.063714], [102.175276, 30.06407], [102.175166, 30.064371], [102.175127, 30.064477], [102.174596, 30.065466], [102.174542, 30.065566], [102.17423, 30.066029], [102.172981, 30.067065], [102.172831, 30.067189], [102.172105, 30.067639], [102.17097, 30.06775], [102.170666, 30.067825], [102.170538, 30.067911], [102.170221, 30.068277], [102.169807, 30.0686], [102.168809, 30.069075], [102.168159, 30.069517], [102.167825, 30.069612], [102.167419, 30.06975], [102.167013, 30.070003], [102.166787, 30.07066], [102.166767, 30.071146], [102.166862, 30.071593], [102.166949, 30.071816], [102.16719, 30.072169], [102.167256, 30.072383], [102.167216, 30.072646], [102.167053, 30.073305], [102.16676, 30.074142], [102.1667, 30.075514], [102.166541, 30.075762], [102.166293, 30.075905], [102.164185, 30.076127], [102.163729, 30.076146], [102.163326, 30.076056], [102.162892, 30.075845], [102.162554, 30.075588], [102.162216, 30.075366], [102.16184, 30.075284], [102.161459, 30.075325], [102.161219, 30.07535], [102.160924, 30.075385], [102.160676, 30.075375], [102.16048, 30.07528], [102.160273, 30.075096], [102.159897, 30.074605], [102.159711, 30.074438], [102.159467, 30.074332], [102.159019, 30.07428], [102.158514, 30.074224], [102.158117, 30.074143], [102.157833, 30.074038], [102.157517, 30.073862], [102.156988, 30.073568], [102.156506, 30.073367], [102.156007, 30.073273], [102.155559, 30.073259], [102.155285, 30.07329], [102.154894, 30.073369], [102.154185, 30.073547], [102.153847, 30.073629], [102.153509, 30.073666], [102.153177, 30.073654], [102.152844, 30.073636], [102.15263, 30.073625], [102.15219, 30.073654], [102.149799, 30.074131], [102.148792, 30.0744], [102.148284, 30.074554], [102.147755, 30.074775], [102.147281, 30.075115], [102.146954, 30.075268], [102.146646, 30.075331], [102.146278, 30.075346], [102.145897, 30.075257], [102.145291, 30.075037], [102.144747, 30.074923], [102.143867, 30.074737], [102.142137, 30.074541], [102.141327, 30.074485], [102.140806, 30.074572], [102.140374, 30.07466], [102.139776, 30.074782], [102.139707, 30.074797], [102.139308, 30.074884], [102.139011, 30.074871], [102.138739, 30.074781], [102.138396, 30.074639], [102.138042, 30.074624], [102.137556, 30.074604], [102.137251, 30.074543], [102.136921, 30.074379], [102.136787, 30.074129], [102.136617, 30.073667], [102.136332, 30.073133], [102.134981, 30.071846], [102.134533, 30.071504], [102.132662, 30.070626], [102.13252, 30.070496], [102.132273, 30.070196], [102.131802, 30.069374], [102.131545, 30.069101], [102.131005, 30.068849], [102.130589, 30.068823], [102.130025, 30.068751], [102.129681, 30.068609], [102.129149, 30.068178], [102.128463, 30.067794], [102.1283, 30.067785], [102.12778, 30.067936], [102.127417, 30.068017], [102.127031, 30.068018], [102.126754, 30.067935], [102.126443, 30.067776], [102.125739, 30.067213], [102.125028, 30.066787], [102.124658, 30.066575], [102.12401, 30.066432], [102.123736, 30.066375], [102.123453, 30.066351], [102.123371, 30.066304], [102.123343, 30.066221], [102.123333, 30.066148], [102.123383, 30.066075], [102.123485, 30.066033], [102.124362, 30.066308], [102.12461, 30.066367], [102.124721, 30.066374], [102.124817, 30.066341], [102.124853, 30.066284], [102.124882, 30.0662], [102.12487, 30.066147], [102.124842, 30.066108], [102.124798, 30.066085], [102.123922, 30.065914], [102.123024, 30.06569], [102.122441, 30.065235], [102.122032, 30.064954], [102.121785, 30.06476], [102.121518, 30.064692], [102.121303, 30.06465], [102.121064, 30.06466], [102.120848, 30.064724], [102.120597, 30.064851], [102.120402, 30.065043], [102.120074, 30.065347], [102.119791, 30.065623], [102.11942, 30.065859], [102.11882, 30.066148], [102.118452, 30.066341], [102.11826, 30.066589], [102.118215, 30.06664], [102.118124, 30.066744], [102.117825, 30.067232], [102.117615, 30.067476], [102.117425, 30.067629], [102.117155, 30.067769], [102.116734, 30.067987], [102.116348, 30.068152], [102.116023, 30.068325], [102.115789, 30.068371], [102.115369, 30.068492], [102.11425, 30.06873], [102.112983, 30.06902], [102.112733, 30.069083], [102.112534, 30.069145], [102.112324, 30.069238], [102.111949, 30.069484], [102.111126, 30.070097], [102.11087, 30.070327], [102.110683, 30.070485], [102.110309, 30.070709], [102.110014, 30.070877], [102.109809, 30.070997], [102.109738, 30.071047], [102.109352, 30.071225], [102.109148, 30.071321], [102.108881, 30.071432], [102.108554, 30.071572], [102.108355, 30.071673], [102.108205, 30.071728], [102.107864, 30.071868], [102.107577, 30.071942], [102.107399, 30.071984], [102.107193, 30.071968], [102.106538, 30.07181], [102.106011, 30.071755], [102.105463, 30.07197], [102.104759, 30.072244], [102.104067, 30.072143], [102.103549, 30.072066], [102.102874, 30.072267], [102.102036, 30.072738], [102.100966, 30.072927], [102.100657, 30.073167], [102.100063, 30.073554], [102.097415, 30.075352], [102.095775, 30.076962], [102.09531, 30.077381], [102.094879, 30.078124], [102.094193, 30.079291], [102.094104, 30.079448], [102.093919, 30.07962], [102.09377, 30.079721], [102.093528, 30.07982], [102.093232, 30.079867], [102.093059, 30.079875], [102.092934, 30.079873], [102.09279, 30.079847], [102.091851, 30.079558], [102.091759, 30.079535], [102.089643, 30.078991], [102.089283, 30.078933], [102.088918, 30.078911], [102.088604, 30.078916], [102.088308, 30.078935], [102.087866, 30.07898], [102.087622, 30.07898], [102.087398, 30.078965], [102.087105, 30.078929], [102.086831, 30.078866], [102.086561, 30.078869], [102.08631, 30.078848], [102.086177, 30.078862], [102.084939, 30.079284], [102.084057, 30.079179], [102.083234, 30.079106], [102.082599, 30.079098], [102.081427, 30.079139], [102.081057, 30.079168], [102.080772, 30.079163], [102.080399, 30.079112], [102.079922, 30.079017], [102.079533, 30.078903], [102.07906, 30.078824], [102.078899, 30.078809], [102.078743, 30.078823], [102.078615, 30.078855], [102.078048, 30.079143], [102.077701, 30.079306], [102.077539, 30.079368], [102.077344, 30.079423], [102.076981, 30.079529], [102.076335, 30.079693], [102.076088, 30.079757], [102.075897, 30.079818], [102.075703, 30.079899], [102.075475, 30.08001], [102.075261, 30.080137], [102.075122, 30.080224], [102.074995, 30.080302], [102.074864, 30.080378], [102.074699, 30.080446], [102.074487, 30.080523], [102.074226, 30.080532], [102.074005, 30.080545], [102.0736, 30.080547], [102.07281, 30.080539], [102.072445, 30.080402], [102.072055, 30.080083], [102.071746, 30.079884], [102.071453, 30.079875], [102.07116, 30.079901], [102.070793, 30.079954], [102.069825, 30.080143], [102.069356, 30.08043], [102.068675, 30.081062], [102.068058, 30.081326], [102.06779, 30.081417], [102.067374, 30.081522], [102.066679, 30.081943], [102.066417, 30.082175], [102.066118, 30.082411], [102.065612, 30.082612], [102.065322, 30.082812], [102.064957, 30.083002], [102.064478, 30.083562], [102.064396, 30.084019], [102.064334, 30.08457], [102.064251, 30.084937], [102.063994, 30.085261], [102.06366, 30.085657], [102.063447, 30.085968], [102.063138, 30.086248], [102.062828, 30.086605], [102.062655, 30.086765], [102.062152, 30.087268], [102.061779, 30.087476], [102.061473, 30.087783], [102.060609, 30.088374], [102.059545, 30.088582], [102.059212, 30.088782], [102.059069, 30.088993], [102.058932, 30.08913], [102.058629, 30.089476], [102.058409, 30.089836], [102.058254, 30.09023], [102.05809, 30.090647], [102.057817, 30.09105], [102.057509, 30.091373], [102.057064, 30.091884], [102.056744, 30.092164], [102.056496, 30.092408], [102.056161, 30.09286], [102.055505, 30.093818], [102.055327, 30.094414], [102.055035, 30.094884], [102.054534, 30.095494], [102.054239, 30.095851], [102.053979, 30.096129], [102.053384, 30.096521], [102.052992, 30.096657], [102.05283, 30.096744], [102.052378, 30.096935], [102.052213, 30.097046], [102.052121, 30.097194], [102.05195, 30.09754], [102.051809, 30.097841], [102.051661, 30.09814], [102.051433, 30.098315], [102.051237, 30.09847], [102.051065, 30.09865], [102.050886, 30.098766], [102.050682, 30.099045], [102.050473, 30.09932], [102.050324, 30.099516], [102.050031, 30.099846], [102.049774, 30.100154], [102.04932, 30.100363], [102.048966, 30.100712], [102.048504, 30.10121], [102.048061, 30.10168], [102.047291, 30.102332], [102.047158, 30.102397], [102.046939, 30.102466], [102.04674, 30.102536], [102.046446, 30.102613], [102.046195, 30.102656], [102.045893, 30.102689], [102.045668, 30.102705], [102.045377, 30.102717], [102.045078, 30.102724], [102.044357, 30.102667], [102.043817, 30.102614], [102.043625, 30.102564], [102.043412, 30.102484], [102.043139, 30.102306], [102.042881, 30.101988], [102.04255, 30.101388], [102.042478, 30.101281], [102.042239, 30.100968], [102.04161, 30.100217], [102.041525, 30.099978], [102.041499, 30.099731], [102.041503, 30.099402], [102.04141, 30.099101], [102.041328, 30.098957], [102.04123, 30.098828], [102.041014, 30.098654], [102.040537, 30.098421], [102.040026, 30.098032], [102.039513, 30.097488], [102.039386, 30.097377], [102.039259, 30.097293], [102.036506, 30.095458], [102.036294, 30.095262], [102.036173, 30.095178], [102.035994, 30.095066], [102.035821, 30.094962], [102.035655, 30.094829], [102.035492, 30.094593], [102.03538, 30.094446], [102.035199, 30.094152], [102.035, 30.093833], [102.034844, 30.093576], [102.034688, 30.093365], [102.034494, 30.093079], [102.034392, 30.092962], [102.034351, 30.092862], [102.034257, 30.092696], [102.034221, 30.092499], [102.034166, 30.092337], [102.034091, 30.092149], [102.034063, 30.092019], [102.034065, 30.091937], [102.034062, 30.091665], [102.034099, 30.091335], [102.034228, 30.090813], [102.034241, 30.090528], [102.034303, 30.0903], [102.034305, 30.090084], [102.034272, 30.089831], [102.034212, 30.089734], [102.034045, 30.089443], [102.033957, 30.089331], [102.033914, 30.089166], [102.03385, 30.088915], [102.033768, 30.088644], [102.033691, 30.088439], [102.033596, 30.088139], [102.033469, 30.087755], [102.033374, 30.087613], [102.033277, 30.087489], [102.033148, 30.087392], [102.032853, 30.087174], [102.032676, 30.087], [102.03255, 30.086907], [102.032342, 30.086763], [102.031771, 30.086503], [102.031526, 30.086395], [102.031231, 30.08632], [102.030997, 30.086313], [102.030743, 30.08637], [102.030539, 30.086475], [102.030392, 30.086598], [102.030251, 30.08665], [102.029909, 30.086712], [102.029681, 30.08673], [102.029424, 30.086709], [102.028853, 30.086623], [102.028265, 30.086497], [102.027396, 30.086235], [102.026974, 30.085999], [102.026512, 30.085692], [102.026138, 30.085481], [102.025968, 30.085406], [102.025798, 30.085344], [102.025565, 30.085271], [102.023815, 30.084727], [102.022029, 30.084193], [102.021677, 30.084041], [102.021432, 30.08391], [102.021221, 30.083741], [102.021007, 30.083547], [102.020162, 30.08278], [102.019956, 30.08263], [102.019612, 30.082407], [102.019357, 30.082211], [102.019009, 30.081857], [102.018884, 30.081723], [102.018796, 30.081635], [102.018702, 30.081543], [102.018625, 30.081459], [102.018478, 30.081362], [102.018187, 30.081213], [102.017254, 30.080817], [102.016917, 30.080688], [102.016811, 30.080591], [102.016719, 30.080452], [102.016688, 30.080165], [102.016707, 30.079806], [102.0167, 30.079674], [102.016685, 30.079542], [102.01666, 30.079411], [102.01662, 30.079279], [102.016264, 30.078235], [102.016236, 30.07816], [102.0162, 30.078089], [102.016158, 30.078022], [102.016102, 30.07796], [102.01604, 30.077907], [102.015964, 30.077861], [102.015878, 30.077824], [102.015781, 30.077797], [102.014955, 30.077602], [102.01483, 30.077565], [102.014713, 30.077522], [102.014607, 30.077463], [102.014511, 30.077397], [102.014338, 30.077246], [102.014189, 30.07709], [102.014018, 30.07697], [102.013834, 30.076789], [102.013676, 30.076582], [102.013479, 30.076204], [102.013368, 30.075998], [102.013372, 30.07583], [102.013153, 30.075565], [102.012921, 30.075283], [102.012801, 30.075102], [102.012717, 30.074918], [102.012499, 30.074239], [102.012418, 30.074046], [102.012309, 30.073858], [102.012158, 30.073692], [102.011973, 30.073556], [102.010767, 30.072789], [102.010657, 30.07272], [102.010565, 30.072655], [102.010464, 30.072568], [102.01029, 30.072392], [102.010231, 30.07231], [102.010098, 30.07213], [102.009967, 30.071846], [102.009795, 30.071427], [102.009721, 30.071213], [102.009623, 30.070912], [102.00953, 30.070682], [102.00944, 30.070461], [102.009375, 30.070254], [102.009324, 30.070091], [102.009265, 30.069957], [102.009128, 30.069672], [102.009007, 30.069422], [102.008915, 30.069252], [102.008793, 30.069041], [102.008684, 30.068848], [102.008552, 30.068618], [102.008413, 30.06837], [102.008299, 30.068188], [102.008186, 30.067993], [102.008072, 30.067836], [102.007952, 30.067669], [102.007879, 30.067568], [102.007783, 30.067464], [102.007684, 30.067385], [102.007567, 30.067316], [102.007404, 30.067223], [102.007287, 30.067168], [102.007159, 30.067102], [102.007023, 30.067031], [102.006864, 30.066946], [102.006706, 30.066869], [102.006474, 30.066766], [102.006299, 30.066674], [102.006173, 30.066577], [102.006034, 30.066462], [102.005915, 30.066329], [102.005769, 30.066159], [102.005413, 30.065689], [102.004904, 30.065101], [102.004835, 30.065016], [102.004798, 30.064955], [102.004763, 30.06487], [102.004729, 30.064727], [102.004717, 30.064606], [102.004722, 30.064468], [102.004737, 30.06434], [102.004773, 30.064155], [102.00481, 30.06391], [102.004605, 30.063877], [102.004541, 30.063863], [102.004359, 30.063831], [102.004281, 30.063809], [102.0042, 30.063782], [102.004119, 30.06375], [102.004033, 30.063707], [102.003943, 30.063658], [102.003854, 30.063597], [102.003585, 30.063375], [102.003378, 30.063232], [102.003249, 30.063155], [102.003128, 30.063098], [102.003025, 30.063057], [102.002872, 30.063025], [102.002777, 30.063013], [102.002667, 30.063003], [102.002561, 30.062997], [102.002436, 30.062993], [102.00231, 30.06298], [102.002237, 30.062964], [102.002163, 30.062944], [102.002008, 30.062875], [102.001889, 30.062798], [102.001743, 30.062645], [102.001664, 30.062556], [102.001609, 30.062459], [102.001532, 30.062313], [102.001406, 30.062057], [102.001317, 30.061859], [102.001207, 30.061691], [102.000913, 30.061375], [102.000716, 30.061251], [102.000434, 30.061074], [101.999736, 30.060656], [101.999504, 30.060546], [101.999292, 30.060482], [101.99909, 30.060437], [101.998895, 30.060405], [101.998555, 30.06038], [101.998391, 30.060369], [101.998203, 30.060352], [101.9979, 30.060322], [101.997634, 30.060294], [101.997471, 30.060272], [101.997212, 30.060222], [101.996927, 30.060151], [101.996593, 30.060065], [101.996146, 30.059954], [101.995726, 30.059859], [101.995122, 30.059733], [101.994486, 30.059624], [101.994372, 30.059609], [101.994083, 30.059595], [101.993991, 30.059591], [101.993876, 30.05959], [101.993726, 30.059595], [101.993725, 30.059533], [101.993858, 30.05953], [101.994036, 30.059531], [101.994277, 30.059536], [101.994462, 30.05955], [101.994661, 30.059584], [101.994869, 30.059619], [101.995268, 30.059705], [101.995289, 30.059709], [101.995606, 30.059774], [101.995817, 30.059814], [101.996125, 30.059882], [101.996441, 30.059958], [101.996829, 30.060053], [101.997087, 30.060121], [101.997327, 30.060183], [101.99748, 30.06021], [101.997493, 30.060212], [101.997471, 30.060272], [101.997212, 30.060222], [101.996927, 30.060151], [101.996593, 30.060065], [101.996146, 30.059954], [101.995726, 30.059859], [101.995122, 30.059733], [101.994486, 30.059624], [101.994372, 30.059609], [101.994083, 30.059595], [101.993991, 30.059591], [101.993876, 30.05959], [101.993726, 30.059595], [101.993701, 30.059596], [101.992711, 30.059621], [101.991692, 30.059687], [101.99151, 30.059696], [101.991225, 30.059704], [101.990667, 30.05971], [101.990457, 30.059697], [101.989943, 30.059646], [101.989751, 30.059619], [101.989381, 30.059551], [101.988315, 30.059331], [101.98758, 30.059205], [101.987343, 30.059219], [101.986838, 30.059248], [101.986439, 30.059303], [101.986134, 30.059296], [101.985836, 30.059209], [101.985301, 30.058947], [101.985189, 30.0589], [101.984935, 30.058794], [101.984629, 30.05869], [101.984501, 30.058624], [101.984422, 30.058573], [101.984213, 30.058371], [101.984018, 30.058232], [101.983752, 30.058131], [101.983532, 30.058088], [101.982661, 30.057978], [101.982556, 30.057991], [101.982451, 30.058012], [101.982367, 30.058044], [101.982301, 30.05808], [101.982223, 30.058132], [101.982019, 30.058316], [101.981858, 30.058465], [101.981598, 30.058706], [101.981307, 30.058941], [101.980989, 30.059147], [101.980684, 30.059332], [101.980345, 30.059503], [101.960523, 30.068312], [101.960303, 30.068413], [101.960055, 30.068547], [101.959823, 30.06869], [101.959625, 30.068835], [101.959433, 30.068979], [101.959046, 30.069382], [101.95896, 30.069494], [101.958887, 30.06958], [101.958773, 30.069715], [101.958641, 30.069964], [101.958571, 30.070159], [101.958535, 30.07039], [101.958536, 30.070632], [101.958549, 30.070797], [101.958551, 30.071047], [101.958545, 30.071163], [101.958527, 30.07131], [101.958474, 30.071419], [101.958394, 30.071532], [101.958307, 30.0716], [101.958192, 30.071661], [101.958096, 30.071689], [101.957986, 30.071705], [101.957765, 30.071684], [101.957565, 30.071599], [101.957437, 30.071486], [101.957382, 30.071414], [101.957303, 30.071279], [101.957277, 30.07118], [101.957268, 30.071041], [101.957282, 30.070905], [101.957347, 30.070746], [101.957486, 30.070502], [101.957623, 30.070254], [101.957791, 30.069931], [101.957946, 30.069634], [101.958038, 30.069392], [101.958068, 30.069297], [101.958108, 30.069167], [101.958145, 30.069048], [101.95821, 30.068783], [101.958293, 30.068211], [101.958322, 30.06769], [101.958351, 30.067168], [101.958423, 30.066655], [101.958538, 30.066142], [101.95863, 30.065829], [101.958769, 30.065488], [101.958887, 30.065198], [101.958997, 30.064785], [101.959092, 30.064514], [101.959231, 30.064217], [101.959468, 30.063858], [101.959778, 30.063253], [101.959949, 30.062882], [101.960218, 30.062109], [101.960487, 30.06139], [101.960756, 30.060694], [101.960832, 30.060488], [101.960864, 30.060342], [101.960862, 30.060202], [101.960851, 30.060063], [101.960808, 30.059821], [101.960693, 30.059295], [101.960566, 30.058773], [101.960467, 30.058461], [101.960393, 30.058328], [101.960281, 30.05818], [101.960175, 30.058062], [101.959954, 30.057878], [101.959616, 30.057634], [101.958783, 30.056997], [101.958185, 30.056561], [101.957903, 30.056334], [101.95763, 30.056083], [101.957439, 30.055873], [101.957279, 30.055672], [101.957096, 30.055416], [101.956864, 30.055022], [101.956798, 30.054914], [101.956666, 30.054631], [101.956561, 30.054166], [101.956505, 30.053922], [101.956491, 30.053356], [101.956542, 30.052828], [101.956756, 30.051394], [101.956934, 30.049372], [101.956931, 30.049235], [101.956902, 30.04903], [101.956879, 30.048891], [101.956871, 30.048844], [101.956858, 30.048766], [101.956819, 30.04861], [101.956717, 30.048324], [101.956625, 30.048083], [101.956503, 30.047806], [101.956308, 30.047453], [101.956158, 30.047216], [101.955781, 30.046712], [101.955675, 30.046538], [101.95561, 30.046407], [101.955558, 30.046246], [101.955529, 30.046096], [101.955516, 30.045904], [101.955547, 30.045517], [101.955565, 30.045126], [101.955567, 30.044879], [101.955541, 30.044684], [101.955505, 30.044512], [101.955458, 30.044373], [101.955305, 30.043888], [101.955097, 30.043214], [101.95483, 30.04234], [101.954666, 30.041726], [101.95422, 30.03878], [101.954126, 30.036707], [101.954143, 30.033734], [101.954215, 30.032795], [101.954366, 30.031594], [101.95467, 30.030303], [101.954941, 30.029794], [101.955091, 30.029536], [101.955143, 30.029441], [101.955441, 30.028958], [101.95569, 30.028495], [101.955821, 30.028178], [101.955899, 30.02792], [101.95595, 30.02767], [101.955951, 30.027419], [101.955908, 30.027155], [101.955832, 30.026831], [101.955542, 30.026136], [101.955266, 30.025422], [101.95495, 30.024568], [101.95489, 30.024405], [101.954658, 30.02376], [101.954469, 30.023165], [101.954414, 30.022982], [101.954378, 30.022862], [101.954335, 30.022654], [101.954317, 30.022335], [101.954347, 30.021887], [101.954358, 30.021737], [101.954394, 30.021253], [101.954395, 30.020955], [101.954332, 30.020663], [101.954037, 30.019919], [101.953982, 30.019397], [101.953925, 30.018947], [101.95382, 30.018402], [101.95372, 30.017771], [101.953665, 30.017447], [101.953637, 30.017358], [101.953585, 30.017239], [101.953356, 30.016937], [101.953247, 30.01674], [101.953197, 30.016527], [101.953175, 30.016184], [101.953137, 30.016063], [101.952608, 30.01545], [101.952575, 30.015385], [101.95236, 30.014936], [101.952118, 30.014493], [101.951748, 30.013885], [101.951649, 30.013685], [101.951307, 30.012693], [101.951238, 30.012445], [101.951207, 30.01219], [101.951244, 30.011969], [101.951319, 30.011696], [101.951408, 30.011435], [101.951665, 30.010918], [101.951885, 30.010297], [101.952098, 30.009668], [101.952213, 30.009211], [101.952188, 30.008937], [101.952118, 30.0087], [101.951927, 30.00829], [101.951572, 30.007542], [101.951352, 30.007191], [101.9511, 30.006859], [101.950999, 30.006729], [101.950881, 30.006606], [101.950732, 30.00649], [101.95053, 30.006351], [101.949954, 30.006023], [101.949783, 30.005891], [101.949544, 30.005591], [101.949333, 30.005251], [101.948863, 30.004481], [101.948803, 30.004221], [101.948881, 30.00386], [101.948912, 30.003639], [101.948867, 30.003463], [101.948785, 30.00334], [101.948479, 30.003089], [101.948296, 30.00292], [101.948269, 30.00289], [101.948128, 30.002733], [101.948032, 30.002559], [101.947896, 30.00201], [101.947743, 30.001585], [101.947584, 30.001192], [101.94742, 30.000822], [101.947319, 30.000692], [101.947201, 30.000614], [101.947042, 30.00059], [101.946884, 30.000603], [101.946376, 30.00072], [101.946095, 30.000795], [101.945894, 30.000848], [101.944843, 30.001003], [101.944639, 30.001024], [101.944496, 30.001023], [101.944372, 30.000987], [101.944305, 30.000924], [101.944292, 30.000826], [101.94433, 30.00073], [101.9448, 30.000193], [101.945061, 29.999818], [101.945285, 29.999247], [101.945452, 29.998663], [101.94545, 29.998501], [101.945411, 29.998332], [101.945323, 29.998155], [101.945182, 29.997961], [101.945002, 29.997753], [101.944516, 29.997207], [101.943856, 29.996524], [101.943586, 29.99626], [101.943402, 29.996092], [101.943254, 29.995997], [101.943045, 29.995915], [101.942794, 29.995832], [101.942618, 29.995766], [101.94238, 29.99566], [101.942184, 29.995531], [101.941924, 29.995385], [101.941795, 29.995327], [101.941665, 29.995292], [101.941404, 29.995236], [101.941116, 29.9952], [101.940933, 29.995161], [101.94075, 29.995102], [101.940477, 29.994979], [101.9401, 29.99475], [101.939761, 29.994507], [101.939592, 29.994345], [101.939469, 29.994167], [101.939266, 29.993722], [101.939115, 29.993451], [101.939017, 29.993341], [101.938825, 29.993218], [101.938328, 29.992986], [101.938212, 29.992927], [101.938021, 29.99283], [101.937835, 29.992689], [101.937738, 29.992548], [101.937691, 29.99241], [101.93768, 29.992267], [101.937719, 29.992117], [101.937835, 29.991931], [101.937878, 29.991853], [101.937933, 29.991754], [101.937983, 29.991589], [101.937981, 29.99143], [101.937926, 29.991281], [101.937845, 29.991133], [101.937732, 29.990974], [101.937522, 29.99078], [101.937283, 29.99061], [101.936993, 29.990433], [101.936734, 29.990253], [101.936546, 29.990096], [101.936391, 29.989933], [101.93626, 29.989728], [101.936172, 29.989515], [101.936143, 29.989309], [101.936132, 29.988981], [101.936074, 29.988814], [101.935963, 29.988709], [101.935825, 29.988661], [101.935594, 29.988624], [101.935142, 29.988515], [101.934967, 29.988445], [101.934596, 29.988224], [101.934434, 29.988114], [101.934265, 29.988027], [101.934088, 29.987969], [101.933928, 29.98794], [101.933713, 29.98791], [101.933479, 29.987832], [101.933118, 29.987638], [101.93299, 29.987541], [101.932911, 29.98745], [101.932841, 29.987333], [101.932748, 29.987115], [101.93266, 29.987015], [101.932549, 29.986947], [101.932283, 29.986842], [101.932004, 29.986742], [101.931783, 29.986678], [101.931202, 29.986569], [101.930754, 29.986483], [101.930521, 29.986442], [101.930257, 29.98636], [101.930021, 29.986224], [101.929814, 29.986049], [101.929623, 29.985912], [101.929456, 29.985836], [101.929289, 29.985807], [101.929105, 29.98579], [101.92877, 29.985794], [101.928214, 29.985811], [101.927982, 29.985859], [101.927737, 29.985951], [101.927416, 29.986075], [101.927102, 29.986162], [101.926751, 29.986224], [101.926103, 29.98634], [101.925854, 29.986404], [101.925694, 29.986465], [101.925537, 29.986543], [101.925138, 29.986816], [101.924941, 29.986954], [101.924741, 29.987068], [101.924464, 29.987189], [101.924172, 29.987337], [101.923996, 29.987466], [101.9237, 29.987733], [101.923519, 29.987866], [101.923363, 29.987937], [101.923225, 29.98798], [101.923083, 29.98801], [101.922924, 29.988012], [101.922218, 29.987979], [101.92201, 29.987988], [101.921301, 29.988047], [101.920754, 29.988003], [101.920186, 29.987909], [101.919974, 29.987877], [101.919794, 29.987874], [101.919627, 29.987905], [101.919518, 29.987992], [101.919431, 29.988127], [101.919364, 29.9883], [101.919223, 29.988662], [101.919058, 29.989013], [101.918944, 29.989169], [101.918684, 29.989411], [101.918397, 29.989623], [101.918175, 29.989733], [101.917985, 29.989792], [101.917822, 29.989819], [101.917313, 29.989838], [101.917018, 29.989863], [101.916745, 29.989916], [101.916522, 29.989979], [101.916187, 29.990081], [101.915988, 29.990132], [101.915793, 29.990164], [101.915527, 29.99016], [101.915305, 29.990118], [101.915121, 29.990049], [101.914494, 29.98977], [101.914322, 29.989707], [101.914101, 29.98965], [101.91401, 29.989633], [101.913907, 29.989627], [101.913746, 29.98963], [101.913603, 29.989654], [101.913404, 29.989699], [101.912852, 29.989836], [101.91265, 29.989858], [101.912333, 29.989866], [101.911842, 29.989859], [101.911401, 29.989846], [101.911219, 29.989814], [101.911081, 29.98978], [101.910909, 29.989717], [101.91053, 29.989543], [101.910237, 29.989444], [101.909808, 29.989325], [101.909398, 29.989188], [101.909093, 29.989071], [101.908883, 29.988983], [101.908519, 29.988803], [101.908146, 29.988634], [101.907998, 29.98859], [101.907849, 29.988555], [101.907691, 29.988536], [101.907292, 29.988517], [101.906732, 29.988495], [101.906283, 29.988491], [101.906012, 29.988518], [101.905577, 29.98862], [101.905342, 29.988629], [101.905136, 29.988591], [101.904949, 29.988503], [101.904714, 29.988361], [101.904587, 29.988308], [101.904493, 29.988291], [101.904393, 29.988291], [101.904305, 29.988314], [101.904205, 29.98838], [101.904115, 29.988483], [101.904046, 29.98858], [101.903983, 29.988692], [101.903869, 29.98887], [101.903735, 29.989025], [101.903581, 29.989156], [101.903303, 29.989336], [101.903095, 29.98948], [101.902844, 29.989688], [101.902615, 29.989854], [101.902369, 29.989981], [101.902176, 29.990043], [101.901949, 29.990069], [101.901546, 29.990106], [101.901286, 29.990116], [101.900782, 29.99014], [101.900441, 29.990146], [101.900147, 29.990141], [101.899917, 29.990123], [101.899179, 29.990011], [101.899016, 29.989994], [101.898813, 29.989992], [101.898646, 29.990047], [101.89852, 29.990121], [101.898437, 29.990195], [101.898327, 29.990335], [101.898153, 29.990539], [101.898014, 29.99069], [101.89785, 29.990796], [101.897746, 29.99085], [101.897549, 29.990953], [101.897191, 29.991128], [101.896921, 29.991249], [101.896553, 29.991413], [101.896313, 29.991543], [101.896096, 29.991692], [101.896003, 29.991768], [101.89591, 29.991844], [101.895673, 29.992054], [101.89547, 29.992236], [101.895248, 29.992435], [101.89499, 29.99261], [101.894809, 29.992687], [101.894621, 29.992754], [101.894302, 29.992821], [101.893945, 29.992864], [101.893015, 29.992943], [101.892523, 29.992989], [101.892109, 29.993009], [101.891872, 29.992995], [101.891445, 29.992932], [101.89036, 29.99271], [101.889391, 29.992513], [101.888146, 29.99231], [101.887857, 29.992278], [101.887573, 29.992276], [101.887398, 29.992329], [101.887211, 29.992478], [101.886858, 29.9927], [101.886587, 29.992784], [101.886274, 29.992825], [101.885936, 29.992849], [101.883775, 29.992902], [101.883204, 29.992924], [101.883026, 29.992963], [101.882951, 29.99303], [101.882904, 29.993114], [101.882908, 29.993214], [101.882966, 29.993286], [101.883088, 29.993367], [101.883262, 29.993423], [101.883957, 29.993624], [101.884783, 29.993837], [101.88505, 29.993892], [101.885305, 29.993915], [101.885603, 29.993909], [101.885894, 29.993894], [101.886242, 29.993848], [101.886393, 29.993853], [101.886465, 29.993873], [101.88655, 29.993943], [101.886573, 29.994025], [101.886563, 29.994107], [101.886516, 29.994149], [101.886426, 29.994197], [101.886289, 29.994235], [101.886074, 29.994279], [101.885697, 29.994356], [101.885154, 29.994466], [101.884919, 29.994504], [101.88466, 29.994525], [101.88434, 29.994542], [101.884003, 29.994574], [101.883803, 29.994606], [101.883604, 29.994656], [101.88319, 29.99477], [101.882768, 29.99489], [101.882355, 29.995006], [101.881883, 29.995136], [101.881279, 29.995283], [101.881014, 29.995333], [101.880567, 29.995407], [101.880167, 29.995466], [101.879286, 29.995617], [101.878884, 29.995678], [101.878775, 29.995713], [101.878677, 29.995764], [101.878601, 29.995831], [101.878572, 29.995887], [101.878564, 29.995957], [101.878575, 29.996026], [101.878613, 29.99608], [101.878676, 29.996131], [101.878785, 29.996159], [101.878974, 29.996191], [101.879309, 29.996207], [101.879543, 29.996215], [101.879804, 29.996223], [101.880716, 29.996271], [101.881007, 29.996285], [101.881128, 29.996321], [101.881163, 29.996384], [101.88115, 29.996446], [101.881096, 29.996497], [101.881017, 29.99654], [101.880876, 29.996552], [101.880673, 29.996559], [101.880343, 29.996569], [101.880079, 29.99659], [101.879832, 29.996641], [101.879606, 29.996707], [101.879218, 29.996821], [101.878808, 29.996898], [101.878295, 29.996952], [101.878031, 29.996997], [101.877756, 29.997064], [101.87734, 29.997192], [101.877056, 29.997289], [101.876833, 29.99736], [101.876699, 29.997434], [101.876651, 29.9975], [101.876629, 29.997562], [101.876629, 29.997624], [101.87667, 29.997658], [101.876731, 29.997699], [101.876792, 29.997713], [101.87687, 29.997713], [101.876962, 29.997694], [101.87798, 29.997312], [101.878084, 29.997295], [101.878205, 29.997314], [101.878273, 29.997376], [101.878286, 29.997434], [101.878287, 29.997488], [101.878273, 29.997546], [101.878218, 29.997585], [101.878149, 29.997624], [101.87803, 29.99766], [101.877842, 29.997704], [101.877508, 29.997789], [101.877243, 29.997875], [101.876985, 29.997973], [101.876732, 29.99808], [101.876516, 29.9982], [101.876314, 29.99832], [101.875906, 29.998613], [101.875613, 29.998817], [101.875323, 29.999006], [101.874799, 29.999337], [101.874602, 29.999471], [101.874484, 29.999564], [101.87434, 29.999717], [101.874257, 29.999815], [101.874145, 29.999987], [101.874033, 30.000203], [101.873913, 30.000369], [101.873741, 30.000565], [101.873609, 30.00067], [101.873217, 30.000965], [101.872961, 30.001138], [101.872681, 30.001337], [101.872089, 30.001738], [101.871872, 30.001906], [101.871694, 30.002077], [101.871565, 30.00223], [101.870772, 30.003139], [101.870249, 30.003662], [101.869851, 30.004041], [101.869133, 30.004679], [101.868969, 30.00485], [101.868734, 30.005117], [101.868583, 30.005315], [101.868478, 30.005458], [101.868364, 30.005597], [101.868171, 30.00585], [101.867937, 30.006162], [101.867721, 30.00647], [101.8676, 30.006716], [101.867496, 30.007002], [101.867378, 30.007236], [101.867278, 30.007416], [101.866876, 30.007952], [101.8667, 30.00822], [101.866544, 30.008495], [101.866418, 30.008715], [101.866212, 30.009039], [101.865989, 30.009349], [101.865777, 30.00968], [101.865614, 30.009999], [101.86553, 30.010155], [101.865364, 30.010453], [101.865143, 30.01079], [101.864977, 30.01098], [101.864821, 30.011114], [101.864694, 30.011204], [101.864527, 30.011318], [101.86429, 30.011477], [101.863862, 30.01176], [101.86354, 30.01198], [101.863212, 30.012162], [101.86277, 30.012342], [101.86244, 30.012455], [101.862097, 30.012577], [101.861778, 30.012699], [101.861673, 30.012766], [101.861614, 30.012844], [101.861598, 30.012916], [101.861621, 30.013004], [101.861692, 30.013079], [101.861819, 30.01313], [101.861937, 30.013131], [101.862143, 30.013093], [101.862392, 30.013044], [101.863108, 30.012882], [101.863527, 30.012766], [101.863726, 30.012695], [101.863926, 30.012592], [101.864169, 30.012441], [101.864346, 30.012303], [101.864451, 30.012237], [101.864522, 30.012195], [101.864586, 30.012167], [101.864657, 30.012145], [101.864715, 30.012148], [101.864784, 30.012166], [101.864837, 30.01222], [101.864861, 30.012291], [101.864848, 30.012362], [101.864829, 30.012419], [101.864733, 30.012501], [101.864566, 30.012615], [101.864344, 30.012782], [101.863954, 30.013041], [101.86351, 30.013315], [101.863231, 30.013472], [101.862865, 30.01366], [101.861416, 30.014404], [101.861132, 30.014539], [101.860846, 30.014639], [101.860624, 30.0147], [101.860433, 30.01474], [101.86009, 30.014798], [101.859809, 30.014848], [101.859481, 30.014898], [101.859239, 30.014945], [101.859072, 30.014985], [101.858955, 30.015049], [101.858897, 30.01513], [101.85885, 30.01522], [101.858861, 30.015309], [101.858873, 30.015384], [101.858945, 30.015472], [101.859063, 30.015525], [101.8592, 30.015538], [101.859396, 30.015517], [101.860259, 30.015386], [101.860888, 30.015304], [101.861084, 30.015278], [101.861219, 30.01526], [101.861338, 30.01525], [101.861422, 30.015263], [101.861489, 30.015287], [101.86154, 30.01533], [101.861563, 30.015384], [101.861554, 30.015459], [101.861486, 30.015545], [101.861388, 30.015595], [101.861273, 30.015631], [101.861146, 30.015673], [101.860863, 30.015757], [101.860251, 30.015925], [101.859991, 30.01601], [101.859832, 30.016073], [101.859676, 30.016144], [101.85945, 30.016273], [101.859193, 30.016477], [101.859025, 30.016668], [101.858932, 30.016773], [101.858827, 30.016949], [101.858636, 30.017281], [101.858482, 30.017517], [101.858374, 30.017647], [101.858164, 30.017837], [101.857883, 30.018039], [101.857724, 30.018168], [101.857574, 30.018317], [101.857352, 30.018585], [101.857185, 30.018868], [101.857082, 30.019087], [101.857023, 30.019239], [101.856962, 30.019387], [101.856804, 30.019714], [101.856669, 30.020048], [101.856579, 30.020376], [101.856537, 30.020562], [101.856495, 30.020747], [101.856415, 30.021035], [101.856299, 30.02131], [101.856132, 30.02162], [101.85599, 30.021922], [101.855962, 30.022036], [101.855937, 30.022223], [101.855923, 30.022568], [101.855928, 30.022731], [101.855925, 30.022842], [101.855868, 30.023939], [101.855773, 30.024277], [101.85566, 30.024608], [101.855521, 30.024946], [101.855227, 30.025612], [101.854938, 30.026273], [101.854776, 30.026503], [101.854602, 30.026702], [101.854412, 30.026854], [101.854283, 30.026943], [101.854108, 30.027022], [101.853835, 30.027103], [101.853096, 30.027263], [101.852846, 30.027321], [101.852573, 30.027398], [101.852303, 30.027495], [101.852058, 30.027599], [101.851942, 30.027667], [101.851831, 30.027741], [101.851717, 30.027824], [101.851599, 30.027917], [101.851456, 30.028048], [101.851247, 30.02829], [101.851145, 30.028456], [101.851073, 30.028572], [101.850976, 30.028779], [101.850878, 30.029089], [101.850795, 30.02943], [101.850733, 30.029849], [101.850663, 30.030257], [101.850524, 30.030867], [101.850462, 30.031052], [101.85037, 30.031228], [101.850288, 30.031335], [101.85019, 30.031437], [101.850062, 30.031531], [101.849857, 30.031638], [101.849206, 30.031863], [101.848733, 30.03202], [101.847772, 30.032348], [101.847608, 30.032412], [101.847441, 30.032496], [101.847288, 30.032579], [101.847158, 30.032669], [101.84682, 30.032938], [101.84636, 30.033352], [101.845941, 30.033736], [101.845518, 30.034117], [101.844916, 30.034666], [101.844716, 30.03484], [101.844524, 30.035016], [101.84437, 30.035153], [101.844054, 30.035439], [101.843761, 30.03574], [101.84348, 30.036074], [101.843217, 30.036417], [101.843014, 30.036647], [101.842784, 30.03684], [101.842611, 30.036952], [101.842099, 30.037197], [101.841367, 30.03755], [101.840628, 30.037922], [101.840489, 30.038019], [101.840341, 30.038139], [101.840203, 30.038301], [101.839944, 30.038617], [101.839833, 30.038729], [101.839722, 30.038829], [101.839523, 30.038955], [101.839278, 30.039067], [101.839049, 30.039172], [101.838598, 30.039379], [101.838114, 30.039592], [101.837658, 30.039809], [101.837447, 30.039934], [101.837285, 30.040073], [101.837084, 30.040243], [101.836882, 30.040406], [101.836587, 30.040603], [101.835804, 30.041009], [101.835191, 30.041291], [101.834935, 30.041376], [101.83451, 30.041468], [101.833782, 30.041628], [101.833271, 30.041757], [101.83308, 30.041837], [101.832838, 30.041977], [101.832472, 30.042233], [101.832241, 30.042355], [101.832091, 30.042408], [101.831924, 30.042432], [101.831788, 30.042438], [101.831609, 30.042432], [101.831306, 30.042426], [101.830859, 30.042391], [101.830685, 30.042374], [101.830494, 30.042376], [101.830301, 30.042382], [101.830075, 30.042427], [101.829874, 30.042501], [101.829734, 30.042584], [101.829586, 30.042695], [101.82939, 30.042893], [101.829201, 30.043103], [101.828927, 30.043411], [101.82876, 30.043597], [101.828646, 30.043712], [101.828587, 30.043759], [101.828518, 30.043787], [101.828446, 30.043792], [101.828373, 30.043784], [101.82831, 30.043742], [101.828269, 30.04369], [101.828255, 30.043606], [101.828264, 30.043531], [101.828382, 30.043322], [101.828478, 30.043158], [101.828656, 30.042865], [101.828779, 30.042669], [101.829015, 30.042307], [101.829163, 30.042107], [101.82931, 30.041946], [101.82946, 30.041811], [101.829783, 30.041607], [101.830211, 30.041344], [101.830618, 30.041102], [101.830885, 30.040911], [101.830933, 30.040855], [101.830926, 30.040805], [101.830907, 30.040742], [101.830865, 30.040694], [101.83077, 30.040684], [101.830648, 30.040699], [101.830518, 30.040774], [101.830317, 30.040918], [101.830031, 30.041108], [101.829884, 30.041192], [101.829687, 30.041302], [101.829472, 30.041398], [101.829265, 30.04149], [101.829121, 30.041563], [101.829, 30.041635], [101.82885, 30.041749], [101.828602, 30.042005], [101.828323, 30.042254], [101.827796, 30.042632], [101.82763, 30.042785], [101.827549, 30.042877], [101.827408, 30.043057], [101.827281, 30.043206], [101.827126, 30.043329], [101.82697, 30.043442], [101.826614, 30.043647], [101.826471, 30.043748], [101.826394, 30.043831], [101.826326, 30.043953], [101.826273, 30.044075], [101.826215, 30.044283], [101.826143, 30.044426], [101.826026, 30.044559], [101.825933, 30.044637], [101.82575, 30.044763], [101.825547, 30.044904], [101.825487, 30.044985], [101.825442, 30.045068], [101.825411, 30.045203], [101.825435, 30.045295], [101.825496, 30.045398], [101.82559, 30.045497], [101.825829, 30.045683], [101.825958, 30.045831], [101.826005, 30.045979], [101.826004, 30.046087], [101.825957, 30.046226], [101.825796, 30.046614], [101.825482, 30.047385], [101.82509, 30.04816], [101.824699, 30.048941], [101.824585, 30.04927], [101.824465, 30.049623], [101.82436, 30.049837], [101.824145, 30.050141], [101.823888, 30.050437], [101.8236, 30.050725], [101.823258, 30.05105], [101.822855, 30.051429], [101.822628, 30.051644], [101.822305, 30.051946], [101.821841, 30.052395], [101.82172, 30.052526], [101.821644, 30.052639], [101.821581, 30.052795], [101.821575, 30.052924], [101.821585, 30.053081], [101.82166, 30.053226], [101.821748, 30.053346], [101.821875, 30.05345], [101.822014, 30.053529], [101.822179, 30.053588], [101.822365, 30.053589], [101.822522, 30.053566], [101.822683, 30.053509], [101.822884, 30.053421], [101.823288, 30.053218], [101.823911, 30.052903], [101.82449, 30.052611], [101.824643, 30.052564], [101.824739, 30.052587], [101.824787, 30.052663], [101.824768, 30.05277], [101.824688, 30.052857], [101.824543, 30.05294], [101.82408, 30.053158], [101.823513, 30.053468], [101.822658, 30.054021], [101.822372, 30.054205], [101.822094, 30.054397], [101.82185, 30.054621], [101.821682, 30.054821], [101.821405, 30.055153], [101.821191, 30.055418], [101.82099, 30.055651], [101.820824, 30.055851], [101.820583, 30.056144], [101.820205, 30.056605], [101.81986, 30.05703], [101.819486, 30.057441], [101.819243, 30.057651], [101.819022, 30.057799], [101.818846, 30.057883], [101.818674, 30.057956], [101.818513, 30.058003], [101.818236, 30.058071], [101.817973, 30.05809], [101.817738, 30.05809], [101.817509, 30.058067], [101.817278, 30.058005], [101.817108, 30.057935], [101.816983, 30.057865], [101.816862, 30.05777], [101.816783, 30.057663], [101.816711, 30.057563], [101.816653, 30.057413], [101.816638, 30.05727], [101.816657, 30.057088], [101.816732, 30.05691], [101.816958, 30.056565], [101.817301, 30.056087], [101.817429, 30.055833], [101.817633, 30.055445], [101.817829, 30.055049], [101.817958, 30.054785], [101.81804, 30.05463], [101.818036, 30.054532], [101.817962, 30.05447], [101.817876, 30.054457], [101.817813, 30.054447], [101.817732, 30.054475], [101.817673, 30.054532], [101.817564, 30.054669], [101.817311, 30.055013], [101.816899, 30.055571], [101.816531, 30.056129], [101.816217, 30.056668], [101.816021, 30.056982], [101.815553, 30.057561], [101.815283, 30.057864], [101.815014, 30.058199], [101.814932, 30.058374], [101.814853, 30.058588], [101.814828, 30.058797], [101.814822, 30.058945], [101.814808, 30.059065], [101.814753, 30.059687], [101.814735, 30.059915], [101.814693, 30.060086], [101.814615, 30.060301], [101.814501, 30.060535], [101.814252, 30.060978], [101.814056, 30.061358], [101.813874, 30.061739], [101.813807, 30.062003], [101.813735, 30.062459], [101.813711, 30.062667], [101.813668, 30.062739], [101.813581, 30.062813], [101.813476, 30.062822], [101.813368, 30.062787], [101.813303, 30.062728], [101.813276, 30.062637], [101.813297, 30.06248], [101.813318, 30.062382], [101.813406, 30.062016], [101.813418, 30.061759], [101.813375, 30.061165], [101.813345, 30.060992], [101.813264, 30.060874], [101.813145, 30.060846], [101.813006, 30.060872], [101.812935, 30.060959], [101.812917, 30.06106], [101.812927, 30.061185], [101.812968, 30.061293], [101.813082, 30.061689], [101.813105, 30.061832], [101.813087, 30.062027], [101.81295, 30.062329], [101.81267, 30.062803], [101.81135, 30.064873], [101.811264, 30.065048], [101.811209, 30.065211], [101.811142, 30.065465], [101.811068, 30.065626], [101.810978, 30.065743], [101.810883, 30.06582], [101.810781, 30.065865], [101.810693, 30.065872], [101.810555, 30.065837], [101.810481, 30.065786], [101.810444, 30.065701], [101.810442, 30.065587], [101.810499, 30.065405], [101.810689, 30.065057], [101.810919, 30.06463], [101.811466, 30.063529], [101.811568, 30.063288], [101.811626, 30.063038], [101.811738, 30.062033], [101.811735, 30.061925], [101.81173, 30.061863], [101.811699, 30.061811], [101.811663, 30.061781], [101.811619, 30.061755], [101.811561, 30.061753], [101.811503, 30.061768], [101.811469, 30.061822], [101.811453, 30.061898], [101.811442, 30.062108], [101.811433, 30.062247], [101.811422, 30.062405], [101.811367, 30.062658], [101.811277, 30.0628], [101.811203, 30.06287], [101.810958, 30.063068], [101.810712, 30.063278], [101.810348, 30.063665], [101.810072, 30.064123], [101.809264, 30.065701], [101.809085, 30.065947], [101.80896, 30.066113], [101.808895, 30.066188], [101.808578, 30.066424], [101.808422, 30.066597], [101.808208, 30.066888], [101.808123, 30.067043], [101.807934, 30.067526], [101.807582, 30.068509], [101.807413, 30.068999], [101.807322, 30.069405], [101.807315, 30.069761], [101.807286, 30.070155], [101.807229, 30.070556], [101.807132, 30.07102], [101.807118, 30.071424], [101.807192, 30.071799], [101.807253, 30.07219], [101.807251, 30.072501], [101.807219, 30.072772], [101.807188, 30.073055], [101.807135, 30.073371], [101.807101, 30.073843], [101.807057, 30.074063], [101.807037, 30.074188], [101.807037, 30.074305], [101.807055, 30.074495], [101.807112, 30.074682], [101.807151, 30.074771], [101.807214, 30.074894], [101.807279, 30.074994], [101.807366, 30.075102], [101.807859, 30.075656], [101.808028, 30.075859], [101.808191, 30.076085], [101.808392, 30.076362], [101.808426, 30.076469], [101.808382, 30.076582], [101.808291, 30.07661], [101.808183, 30.0766], [101.808089, 30.076554], [101.807873, 30.07638], [101.80714, 30.075775], [101.806834, 30.075509], [101.806042, 30.074743], [101.805805, 30.074523], [101.805586, 30.074329], [101.805483, 30.074243], [101.805376, 30.074184], [101.805236, 30.074177], [101.805111, 30.074203], [101.805019, 30.074274], [101.80494, 30.074375], [101.804908, 30.07451], [101.804937, 30.074698], [101.805361, 30.076395], [101.805369, 30.076504], [101.80534, 30.076571], [101.805261, 30.076658], [101.805199, 30.076695], [101.805113, 30.076728], [101.805004, 30.076736], [101.804884, 30.076706], [101.804789, 30.076643], [101.804738, 30.076571], [101.80467, 30.07641], [101.804647, 30.076276], [101.804318, 30.07476], [101.804307, 30.074706], [101.804236, 30.074522], [101.80417, 30.074429], [101.804066, 30.074341], [101.803949, 30.074309], [101.80376, 30.07431], [101.80371, 30.07432], [101.803487, 30.074362], [101.80322, 30.074448], [101.802627, 30.074554], [101.802167, 30.074547], [101.800737, 30.074437], [101.800314, 30.074429], [101.799982, 30.074453], [101.799786, 30.074486], [101.799605, 30.074552], [101.799439, 30.074661], [101.799337, 30.074785], [101.799317, 30.074937], [101.799375, 30.075162], [101.79948, 30.075512], [101.799588, 30.076039], [101.79959, 30.076279], [101.799436, 30.077152], [101.799361, 30.077387], [101.799258, 30.077603], [101.799134, 30.077796], [101.798945, 30.078018], [101.798657, 30.078262], [101.798365, 30.07847], [101.798198, 30.078603], [101.798133, 30.078682], [101.798093, 30.078772], [101.798068, 30.078865], [101.798057, 30.078977], [101.797969, 30.079388], [101.797893, 30.079536], [101.797784, 30.07969], [101.797516, 30.079991], [101.797267, 30.0802], [101.796733, 30.080666], [101.796103, 30.081144], [101.795635, 30.081607], [101.795123, 30.082431], [101.794946, 30.082681], [101.794886, 30.082764], [101.794663, 30.083021], [101.794421, 30.08325], [101.794177, 30.08343], [101.793875, 30.083573], [101.793564, 30.083687], [101.79321, 30.083763], [101.79286, 30.083796], [101.792505, 30.083799], [101.792089, 30.083745], [101.791603, 30.083647], [101.790612, 30.083422], [101.789872, 30.083233], [101.789338, 30.083139], [101.788816, 30.083149], [101.788064, 30.083317], [101.787494, 30.083622], [101.78713, 30.084041], [101.786645, 30.08465], [101.786184, 30.085018], [101.785602, 30.085374], [101.784874, 30.085647], [101.784219, 30.085805], [101.78007, 30.086854], [101.779452, 30.087138], [101.778966, 30.0874], [101.778566, 30.087736], [101.778238, 30.088103], [101.776502, 30.091203], [101.776193, 30.091756], [101.775881, 30.092205], [101.775536, 30.092659], [101.775121, 30.093086], [101.773913, 30.0943], [101.770923, 30.097223], [101.770328, 30.097848], [101.769853, 30.098338], [101.769468, 30.098828], [101.769155, 30.099338], [101.768846, 30.099933], [101.76811, 30.101343], [101.767193, 30.103139], [101.765607, 30.106187], [101.764873, 30.107604], [101.764738, 30.107835], [101.764593, 30.108051], [101.764281, 30.108405], [101.76405, 30.108601], [101.76372, 30.108813], [101.763331, 30.108981], [101.762855, 30.109144], [101.76172, 30.109514], [101.761242, 30.109705], [101.760925, 30.109868], [101.760603, 30.110072], [101.760259, 30.110341], [101.760025, 30.110563], [101.759819, 30.110808], [101.759634, 30.111093], [101.759426, 30.111502], [101.759226, 30.111961], [101.758793, 30.112914], [101.756882, 30.117269], [101.756706, 30.117664], [101.756355, 30.118386], [101.756047, 30.118921], [101.75572, 30.119399], [101.755262, 30.120031], [101.755014, 30.120366], [101.75479, 30.120713], [101.754695, 30.120913], [101.75462, 30.121073], [101.754866, 30.121445], [101.754943, 30.12161], [101.754941, 30.121728], [101.754917, 30.121842], [101.75478, 30.122196], [101.754526, 30.122892], [101.754485, 30.123036], [101.754469, 30.123153], [101.754476, 30.12328], [101.754506, 30.123427], [101.754578, 30.123629], [101.755398, 30.124983], [101.7555, 30.125141], [101.75565, 30.125289], [101.756112, 30.125638], [101.756295, 30.125782], [101.756372, 30.1259], [101.756412, 30.126032], [101.756283, 30.128315], [101.756235, 30.1285], [101.756144, 30.128644], [101.755838, 30.128922], [101.75549, 30.12922], [101.753172, 30.131994], [101.753086, 30.132179], [101.752695, 30.133906], [101.752572, 30.13411], [101.751428, 30.135748], [101.751342, 30.135964], [101.751308, 30.136241], [101.751343, 30.136456], [101.75225, 30.13958], [101.752276, 30.139728], [101.752238, 30.139899], [101.752093, 30.140127], [101.751101, 30.140706], [101.749637, 30.142178], [101.749202, 30.142465], [101.748849, 30.142646], [101.747314, 30.143142], [101.746124, 30.143425], [101.745774, 30.143546], [101.745554, 30.143713], [101.745212, 30.144288], [101.745012, 30.144492], [101.744733, 30.144599], [101.743832, 30.144831], [101.743569, 30.144923], [101.743409, 30.145017], [101.74209, 30.146956], [101.741457, 30.147758], [101.740603, 30.149052], [101.740533, 30.149214], [101.740109, 30.15158], [101.740158, 30.152454], [101.740153, 30.152696], [101.740057, 30.152921], [101.739722, 30.15343], [101.739558, 30.153937], [101.739439, 30.154697], [101.739424, 30.154959], [101.739442, 30.155116], [101.739443, 30.1552], [101.739363, 30.155156], [101.739215, 30.155116], [101.739151, 30.155127], [101.739033, 30.155148], [101.738851, 30.155232], [101.736937, 30.156392], [101.736276, 30.156719], [101.735871, 30.156862], [101.735642, 30.156941], [101.735174, 30.157102], [101.734667, 30.157265], [101.734242, 30.157427], [101.734036, 30.157542], [101.733891, 30.157677], [101.73376, 30.157887], [101.733674, 30.158068], [101.733646, 30.158293], [101.733648, 30.158493], [101.733869, 30.159397], [101.733916, 30.159707], [101.733903, 30.160044], [101.733846, 30.160291], [101.733788, 30.160482], [101.73367, 30.160712], [101.733521, 30.160926], [101.73332, 30.161165], [101.732961, 30.161553], [101.732826, 30.161731], [101.732717, 30.161887], [101.732618, 30.162154], [101.732187, 30.16367], [101.732114, 30.163848], [101.732054, 30.163935], [101.731962, 30.163994], [101.731856, 30.164013], [101.731741, 30.164007], [101.731665, 30.163989], [101.731586, 30.163931], [101.731498, 30.163816], [101.731215, 30.162575], [101.73115, 30.162399], [101.731069, 30.162226], [101.730964, 30.162126], [101.730831, 30.162072], [101.730661, 30.162031], [101.730509, 30.162009], [101.730354, 30.162031], [101.729181, 30.162497], [101.729015, 30.162565], [101.727191, 30.163313], [101.72691, 30.163417], [101.726655, 30.163508], [101.72646, 30.163538], [101.72629, 30.163536], [101.726166, 30.16351], [101.72602, 30.163454], [101.725913, 30.163386], [101.725805, 30.163269], [101.725513, 30.162892], [101.725271, 30.162529], [101.725125, 30.162391], [101.724992, 30.162323], [101.72484, 30.162278], [101.724696, 30.162269], [101.724541, 30.162282], [101.724389, 30.162332], [101.724256, 30.162423], [101.724093, 30.162673], [101.723047, 30.165335], [101.722683, 30.166265], [101.722403, 30.167022], [101.722232, 30.167205], [101.721315, 30.167885], [101.721022, 30.168102], [101.72038, 30.16861], [101.71891, 30.169645], [101.718647, 30.169731], [101.718344, 30.169738], [101.718101, 30.16968], [101.717945, 30.169585], [101.717809, 30.169432], [101.717737, 30.169311], [101.717406, 30.168755], [101.717188, 30.16839], [101.716648, 30.16752], [101.715211, 30.164781], [101.715152, 30.164641], [101.714079, 30.162084], [101.71398, 30.161952], [101.713955, 30.161919], [101.713805, 30.161846], [101.713623, 30.161824], [101.713475, 30.161871], [101.71335, 30.161994], [101.713312, 30.1622], [101.713796, 30.163984], [101.713977, 30.165441], [101.714093, 30.167283], [101.714034, 30.168705], [101.713927, 30.169934], [101.713907, 30.170063], [101.71386, 30.17017], [101.713749, 30.170267], [101.713616, 30.170292], [101.713459, 30.170274], [101.713352, 30.170215], [101.713274, 30.170126], [101.712284, 30.168397], [101.710507, 30.165295], [101.709642, 30.163413], [101.709481, 30.163145], [101.70925, 30.16291], [101.707878, 30.162063], [101.70724, 30.161724], [101.70681, 30.161547], [101.703422, 30.160991], [101.7024, 30.160837], [101.701679, 30.160737], [101.701407, 30.160718], [101.701178, 30.160749], [101.700973, 30.160877], [101.70084, 30.161042], [101.700786, 30.161158], [101.700778, 30.161303], [101.70081, 30.161419], [101.700882, 30.161575], [101.701157, 30.161832], [101.702349, 30.16279], [101.702545, 30.163009], [101.703081, 30.163896], [101.703681, 30.164981], [101.70371, 30.165205], [101.703689, 30.165473], [101.703594, 30.16591], [101.703569, 30.166069], [101.703604, 30.166327], [101.703737, 30.166719], [101.703907, 30.167166], [101.704283, 30.168152], [101.704594, 30.169036], [101.704901, 30.169822], [101.705195, 30.170812], [101.70549, 30.171815], [101.705797, 30.172957], [101.706031, 30.173981], [101.706158, 30.174449], [101.706209, 30.174705], [101.706216, 30.174866], [101.706206, 30.174913], [101.706191, 30.174992], [101.706127, 30.175112], [101.706017, 30.175235], [101.70588, 30.175315], [101.705767, 30.175346], [101.705644, 30.175366], [101.705518, 30.175363], [101.705406, 30.17534], [101.705267, 30.17529], [101.705133, 30.175235], [101.704632, 30.174996], [101.704019, 30.174705], [101.703767, 30.174585], [101.703574, 30.174518], [101.703338, 30.174398], [101.703162, 30.174258], [101.702825, 30.173946], [101.702663, 30.173763], [101.702272, 30.173406], [101.702063, 30.173249], [101.701831, 30.173126], [101.70153, 30.172976], [101.699679, 30.172299], [101.698865, 30.172012], [101.698538, 30.171896], [101.696914, 30.171287], [101.695583, 30.170764], [101.695224, 30.170636], [101.694937, 30.170533], [101.694679, 30.170407], [101.69448, 30.170258], [101.69403, 30.169891], [101.693899, 30.169783], [101.693656, 30.169666], [101.693379, 30.169577], [101.693103, 30.169536], [101.692531, 30.169485], [101.691864, 30.169447], [101.691435, 30.169399], [101.691235, 30.169376], [101.690841, 30.169322], [101.690193, 30.169195], [101.689405, 30.16904], [101.689085, 30.169002], [101.688737, 30.169003], [101.688418, 30.16905], [101.688052, 30.169147], [101.687612, 30.169344], [101.687326, 30.169537], [101.686896, 30.169969], [101.686559, 30.17041], [101.686189, 30.170988], [101.685947, 30.171365], [101.6859, 30.171493], [101.685895, 30.171622], [101.685938, 30.171831], [101.686068, 30.171994], [101.686239, 30.172111], [101.686529, 30.172197], [101.687734, 30.172226], [101.688037, 30.172316], [101.688254, 30.172492], [101.688985, 30.173473], [101.689064, 30.173554], [101.689166, 30.173625], [101.689495, 30.173878], [101.689689, 30.174087], [101.68976, 30.174281], [101.689776, 30.17449], [101.689714, 30.17467], [101.689591, 30.174824], [101.689357, 30.174947], [101.689101, 30.175011], [101.688633, 30.175092], [101.688344, 30.175177], [101.688088, 30.175273], [101.687759, 30.17547], [101.687483, 30.175666], [101.687321, 30.175852], [101.686879, 30.176381], [101.686733, 30.176506], [101.686567, 30.176564], [101.686358, 30.17658], [101.685689, 30.176487], [101.684055, 30.176095], [101.683872, 30.17608], [101.683669, 30.176115], [101.683197, 30.176328], [101.682805, 30.176476], [101.681942, 30.176638], [101.681729, 30.176768], [101.681556, 30.176944], [101.680884, 30.178134], [101.680286, 30.179229], [101.680225, 30.179341], [101.680173, 30.179507], [101.680147, 30.179625], [101.680158, 30.179747], [101.680193, 30.179867], [101.680265, 30.179971], [101.68037, 30.180072], [101.680494, 30.180149], [101.680602, 30.180197], [101.680744, 30.18026], [101.68181, 30.180706], [101.682348, 30.180939], [101.682455, 30.180991], [101.68258, 30.181075], [101.682699, 30.181175], [101.682769, 30.181259], [101.682819, 30.181355], [101.682835, 30.181447], [101.682831, 30.181541], [101.682813, 30.181625], [101.682778, 30.181714], [101.682718, 30.181818], [101.68264, 30.181891], [101.68251, 30.181978], [101.682293, 30.182076], [101.680623, 30.182634], [101.680273, 30.1827], [101.679915, 30.182744], [101.678948, 30.182794], [101.678473, 30.182864], [101.678291, 30.18293], [101.678121, 30.18303], [101.677993, 30.183223], [101.677939, 30.183411], [101.67797, 30.183638], [101.678102, 30.183901], [101.679071, 30.18572], [101.679414, 30.186257], [101.679794, 30.18669], [101.679965, 30.186925], [101.680085, 30.187123], [101.680132, 30.187288], [101.680118, 30.187464], [101.680005, 30.18763], [101.679862, 30.187748], [101.679602, 30.187823], [101.679278, 30.18781], [101.677722, 30.18736], [101.677305, 30.187242], [101.676981, 30.187089], [101.676492, 30.186694], [101.676048, 30.186439], [101.675805, 30.186357], [101.675587, 30.186313], [101.675325, 30.18629], [101.674933, 30.186352], [101.673946, 30.18651], [101.673762, 30.186587], [101.673623, 30.1867], [101.67353, 30.186824], [101.673483, 30.186961], [101.673481, 30.187116], [101.673512, 30.187252], [101.673853, 30.187957], [101.673945, 30.188173], [101.674013, 30.188466], [101.674027, 30.189007], [101.674103, 30.189551], [101.674279, 30.189887], [101.674504, 30.190094], [101.674747, 30.190266], [101.677136, 30.191534], [101.677486, 30.191867], [101.677917, 30.192362], [101.678137, 30.19267], [101.678226, 30.192892], [101.678212, 30.193169], [101.678151, 30.193316], [101.678057, 30.19345], [101.677883, 30.19356], [101.677566, 30.193632], [101.677241, 30.193614], [101.676762, 30.1935], [101.67603, 30.193369], [101.674611, 30.193097], [101.674319, 30.19306], [101.672804, 30.193029], [101.672568, 30.192998], [101.672282, 30.192913], [101.670816, 30.192342], [101.670613, 30.192326], [101.670458, 30.192354], [101.670276, 30.192422], [101.670135, 30.192535], [101.670036, 30.192693], [101.66997, 30.192876], [101.669873, 30.193434], [101.669788, 30.193718], [101.66962, 30.193939], [101.669246, 30.19423], [101.667645, 30.195304], [101.666301, 30.196346], [101.665394, 30.197166], [101.665254, 30.197293], [101.664139, 30.198366], [101.663811, 30.198565], [101.663438, 30.198747], [101.662866, 30.198862], [101.662253, 30.199028], [101.660546, 30.199808], [101.658989, 30.200759], [101.658626, 30.200931], [101.658378, 30.200993], [101.658119, 30.201028], [101.65631, 30.200812], [101.656158, 30.200878], [101.656097, 30.200971], [101.656087, 30.201063], [101.656103, 30.20117], [101.656165, 30.201255], [101.657078, 30.201645], [101.657267, 30.201783], [101.657368, 30.201982], [101.657396, 30.202173], [101.657339, 30.202356], [101.657119, 30.202628], [101.65626, 30.203393], [101.656137, 30.203473], [101.655955, 30.203557], [101.655766, 30.203585], [101.655587, 30.203584], [101.655369, 30.203543], [101.654054, 30.202951], [101.653884, 30.202881], [101.653701, 30.202841], [101.653487, 30.202803], [101.653322, 30.20279], [101.653048, 30.20279], [101.652812, 30.202824], [101.652489, 30.202897], [101.652193, 30.202994], [101.652063, 30.203046], [101.651848, 30.203196], [101.651579, 30.20341], [101.651065, 30.203803], [101.650867, 30.203911], [101.650453, 30.204051], [101.650088, 30.204102], [101.649831, 30.204057], [101.649218, 30.203839], [101.648645, 30.203654], [101.648391, 30.203654], [101.648175, 30.203746], [101.647689, 30.204123], [101.646747, 30.204924], [101.644873, 30.206636], [101.644512, 30.206966], [101.644393, 30.207222], [101.644317, 30.207966], [101.644252, 30.208556], [101.644162, 30.208731], [101.643941, 30.208929], [101.642663, 30.209475], [101.642309, 30.209642], [101.64172, 30.210083], [101.64139, 30.210449], [101.64085, 30.21131], [101.640708, 30.211582], [101.640621, 30.211921], [101.640626, 30.212302], [101.640827, 30.213293], [101.640839, 30.213352], [101.641509, 30.216103], [101.641557, 30.216493], [101.641563, 30.216873], [101.641529, 30.217603], [101.641503, 30.218138], [101.641488, 30.218275], [101.641429, 30.218805], [101.64138, 30.219955], [101.641383, 30.220251], [101.641448, 30.220549], [101.64172, 30.221239], [101.641796, 30.221813], [101.641733, 30.222306], [101.641606, 30.22299], [101.641576, 30.22338], [101.641859, 30.224523], [101.641975, 30.225619], [101.642077, 30.226174], [101.642179, 30.226838], [101.642336, 30.227957], [101.642217, 30.228449], [101.641998, 30.228948], [101.641896, 30.229129], [101.641706, 30.229674], [101.641436, 30.230264], [101.641303, 30.230701], [101.641171, 30.232161], [101.641244, 30.232503], [101.641438, 30.23283], [101.642531, 30.233712], [101.643391, 30.23499], [101.644222, 30.23655], [101.644472, 30.237107], [101.644494, 30.237213], [101.644556, 30.237513], [101.644578, 30.237804], [101.644557, 30.238068], [101.64447, 30.238626], [101.644422, 30.23903], [101.64438, 30.239391], [101.644402, 30.239632], [101.644862, 30.240789], [101.645198, 30.241394], [101.645562, 30.24182], [101.645784, 30.242122], [101.646194, 30.243536], [101.646215, 30.243921], [101.646071, 30.244508], [101.646098, 30.244831], [101.646179, 30.245001], [101.64627, 30.245241], [101.646435, 30.24568], [101.646445, 30.245981], [101.646389, 30.246357], [101.646153, 30.246893], [101.64595, 30.247349], [101.645891, 30.247676], [101.645857, 30.248019], [101.64579, 30.248523], [101.64577, 30.248764], [101.645739, 30.249152], [101.645687, 30.249645], [101.645631, 30.250321], [101.645613, 30.250693], [101.646005, 30.252657], [101.646483, 30.253604], [101.646594, 30.25403], [101.646665, 30.254469], [101.646714, 30.254795], [101.646666, 30.255124], [101.646558, 30.255446], [101.646399, 30.255769], [101.646122, 30.256207], [101.64584, 30.256739], [101.645789, 30.256934], [101.645828, 30.257208], [101.645911, 30.257543], [101.646101, 30.258127], [101.646103, 30.258459], [101.645707, 30.259941], [101.645651, 30.260069], [101.645555, 30.260177], [101.644137, 30.260692], [101.643997, 30.260788], [101.643889, 30.260917], [101.643759, 30.261051], [101.642839, 30.262688], [101.642613, 30.263104], [101.642094, 30.263977], [101.641666, 30.264478], [101.64013, 30.266202], [101.639726, 30.266666], [101.639639, 30.266849], [101.639487, 30.267289], [101.639271, 30.26816], [101.639018, 30.269147], [101.638903, 30.269595], [101.638849, 30.269759], [101.63866, 30.270019], [101.638488, 30.270174], [101.638172, 30.270353], [101.637393, 30.270557], [101.63667, 30.270732], [101.636366, 30.270842], [101.636229, 30.271011], [101.636169, 30.271224], [101.636214, 30.271431], [101.636349, 30.271669], [101.636484, 30.271854], [101.636629, 30.272038], [101.636657, 30.272179], [101.636671, 30.272252], [101.636632, 30.272516], [101.636509, 30.272842], [101.63604, 30.273805], [101.635923, 30.274474], [101.63589, 30.274843], [101.635834, 30.275001], [101.63572, 30.275076], [101.635599, 30.275082], [101.635482, 30.275029], [101.635427, 30.274914], [101.635458, 30.274759], [101.635585, 30.274437], [101.635654, 30.273683], [101.635678, 30.273524], [101.635771, 30.273131], [101.635772, 30.273052], [101.635747, 30.272982], [101.635677, 30.272915], [101.635581, 30.2729], [101.635464, 30.272929], [101.635397, 30.272977], [101.635347, 30.273085], [101.63534, 30.273497], [101.635315, 30.273867], [101.63512, 30.274772], [101.635036, 30.275002], [101.634774, 30.275514], [101.634652, 30.275813], [101.634566, 30.276187], [101.634481, 30.276821], [101.634431, 30.277019], [101.634364, 30.277116], [101.634303, 30.277166], [101.634238, 30.277186], [101.634157, 30.277191], [101.634059, 30.27716], [101.634005, 30.277096], [101.63399, 30.277049], [101.633993, 30.276984], [101.63401, 30.276928], [101.634302, 30.276358], [101.634493, 30.275615], [101.634623, 30.275106], [101.634634, 30.274888], [101.634594, 30.274242], [101.63466, 30.273743], [101.634636, 30.273662], [101.634565, 30.273602], [101.634478, 30.273584], [101.634356, 30.273607], [101.634265, 30.273665], [101.634202, 30.273793], [101.634243, 30.274224], [101.634251, 30.274528], [101.634224, 30.274809], [101.634124, 30.275093], [101.633872, 30.275513], [101.63261, 30.277442], [101.632462, 30.277659], [101.632361, 30.277882], [101.632314, 30.278105], [101.632246, 30.278505], [101.632093, 30.279246], [101.632028, 30.279811], [101.632005, 30.280082], [101.631971, 30.280462], [101.631927, 30.280753], [101.631871, 30.280933], [101.631812, 30.281058], [101.63173, 30.281156], [101.631625, 30.281242], [101.631475, 30.281333], [101.631265, 30.281427], [101.631026, 30.281521], [101.630762, 30.281655], [101.630563, 30.281783], [101.630377, 30.281933], [101.630002, 30.282271], [101.629859, 30.282353], [101.62971, 30.282416], [101.629484, 30.282466], [101.629258, 30.282484], [101.628642, 30.282482], [101.627996, 30.282476], [101.62776, 30.282482], [101.627564, 30.282497], [101.627298, 30.28253], [101.627043, 30.282598], [101.626786, 30.282684], [101.626555, 30.282792], [101.626249, 30.28296], [101.625849, 30.283201], [101.625537, 30.283393], [101.625238, 30.283583], [101.625044, 30.283726], [101.624911, 30.283835], [101.624776, 30.283959], [101.624679, 30.284073], [101.624576, 30.284196], [101.624186, 30.284751], [101.62401, 30.285035], [101.623678, 30.285563], [101.623458, 30.285846], [101.623278, 30.286055], [101.622082, 30.287355], [101.621589, 30.287876], [101.621471, 30.287989], [101.621344, 30.28809], [101.621145, 30.288224], [101.620867, 30.288376], [101.620494, 30.288577], [101.620261, 30.288708], [101.620133, 30.288788], [101.619726, 30.289106], [101.619192, 30.289534], [101.618847, 30.28978], [101.618155, 30.290203], [101.617902, 30.29036], [101.61767, 30.29053], [101.617464, 30.290703], [101.616628, 30.291485], [101.615879, 30.29218], [101.61526, 30.29276], [101.614993, 30.292995], [101.614583, 30.293389], [101.614413, 30.293564], [101.614227, 30.293774], [101.614112, 30.293932], [101.614001, 30.294128], [101.61392, 30.294318], [101.613786, 30.294648], [101.613692, 30.294932], [101.613611, 30.295138], [101.613278, 30.295745], [101.613084, 30.296073], [101.612887, 30.296344], [101.612705, 30.296586], [101.611576, 30.298052], [101.611498, 30.298199], [101.611427, 30.298385], [101.611315, 30.298837], [101.611217, 30.299064], [101.611127, 30.29922], [101.610944, 30.299402], [101.610725, 30.299568], [101.609836, 30.30022], [101.609686, 30.300363], [101.609585, 30.300499], [101.609515, 30.300613], [101.609459, 30.300761], [101.609418, 30.300959], [101.609425, 30.301279], [101.609408, 30.301485], [101.609311, 30.301759], [101.609178, 30.301993], [101.60901, 30.302228], [101.608812, 30.302447], [101.6086, 30.302674], [101.608165, 30.303067], [101.607926, 30.303262], [101.606811, 30.303905], [101.606234, 30.304291], [101.606016, 30.304453], [101.605649, 30.304745], [101.604766, 30.305411], [101.604086, 30.30594], [101.603487, 30.306393], [101.603116, 30.306718], [101.602557, 30.307253], [101.60166, 30.308159], [101.601035, 30.30879], [101.600997, 30.308828], [101.600392, 30.309421], [101.600198, 30.309605], [101.599934, 30.309975], [101.599735, 30.310274], [101.59953, 30.310524], [101.599198, 30.31084], [101.599043, 30.31096], [101.598427, 30.311439], [101.598174, 30.311624], [101.596228, 30.31276], [101.595919, 30.312907], [101.59568, 30.312966], [101.595377, 30.313005], [101.594829, 30.313063], [101.593703, 30.313186], [101.593326, 30.313249], [101.59312, 30.313307], [101.592886, 30.313388], [101.592658, 30.313505], [101.592373, 30.313679], [101.592105, 30.313878], [101.591733, 30.314221], [101.591474, 30.314433], [101.591215, 30.314629], [101.590645, 30.315023], [101.590171, 30.315305], [101.589501, 30.315635], [101.586576, 30.317063], [101.586255, 30.317202], [101.585902, 30.317326], [101.585563, 30.317411], [101.585182, 30.317484], [101.583947, 30.317627], [101.583545, 30.317662], [101.583229, 30.317668], [101.582928, 30.317655], [101.581351, 30.317495], [101.580454, 30.317398], [101.578889, 30.317251], [101.577774, 30.317137], [101.575408, 30.3169], [101.574699, 30.316828], [101.571572, 30.31651], [101.57102, 30.316464], [101.570298, 30.316432], [101.57001, 30.316429], [101.568973, 30.316421], [101.568707, 30.316417], [101.56839, 30.316414], [101.568183, 30.31639], [101.567952, 30.316338], [101.567712, 30.31623], [101.56746, 30.316069], [101.566872, 30.315634], [101.566676, 30.315498], [101.566334, 30.31534], [101.56601, 30.315227], [101.56561, 30.315146], [101.565223, 30.315101], [101.564871, 30.315097], [101.564539, 30.315076], [101.564201, 30.314998], [101.563884, 30.314893], [101.563742, 30.314824], [101.563597, 30.314729], [101.563458, 30.314572], [101.563136, 30.314136], [101.563056, 30.314041], [101.562866, 30.313872], [101.562597, 30.313716], [101.562123, 30.313481], [101.561745, 30.313306], [101.56127, 30.313087], [101.560677, 30.312821], [101.560443, 30.312772], [101.560295, 30.312779], [101.560117, 30.312786], [101.559889, 30.312846], [101.558535, 30.31349], [101.558124, 30.313648], [101.557659, 30.313791], [101.557261, 30.313924], [101.556829, 30.31409], [101.556437, 30.314292], [101.555889, 30.314617], [101.554335, 30.315527], [101.553938, 30.315711], [101.553429, 30.315905], [101.553039, 30.31603], [101.551147, 30.316479], [101.549599, 30.316839], [101.547882, 30.317248], [101.547458, 30.31732], [101.547063, 30.317356], [101.546792, 30.317355], [101.54646, 30.317318], [101.546064, 30.317253], [101.545765, 30.317192], [101.54546, 30.317125], [101.545119, 30.317055], [101.544689, 30.31697], [101.544399, 30.316932], [101.544087, 30.316932], [101.543806, 30.316963], [101.543521, 30.317026], [101.543107, 30.317174], [101.542904, 30.317295], [101.542262, 30.317744], [101.540371, 30.319145], [101.537926, 30.320949], [101.535621, 30.322634], [101.535351, 30.322812], [101.535065, 30.322959], [101.534767, 30.323067], [101.533933, 30.323274], [101.53368, 30.323335], [101.533454, 30.323429], [101.533287, 30.323525], [101.533101, 30.323663], [101.532574, 30.324148], [101.532378, 30.324311], [101.532175, 30.324464], [101.531886, 30.324615], [101.530672, 30.325082], [101.529776, 30.325409], [101.528717, 30.325804], [101.527534, 30.326218], [101.526917, 30.326438], [101.526686, 30.326521], [101.526805, 30.326617], [101.526913, 30.326694], [101.529237, 30.328323], [101.529604, 30.32858], [101.531413, 30.329828], [101.53543, 30.332362], [101.536002, 30.332735], [101.536338, 30.332953], [101.536611, 30.333166], [101.537606, 30.33397], [101.538325, 30.334551], [101.53848, 30.334719], [101.538599, 30.334899], [101.53868, 30.33506], [101.538774, 30.335333], [101.538915, 30.336068], [101.539039, 30.336648], [101.539134, 30.336857], [101.539286, 30.337029], [101.539489, 30.337179], [101.539648, 30.33726], [101.539864, 30.337314], [101.540991, 30.337465], [101.541305, 30.33754], [101.541563, 30.337686], [101.541712, 30.337817], [101.541855, 30.338011], [101.542101, 30.338367]], "type": "LineString"}}, {"type": "Feature", "properties": {"key": "4", "source": "OSRM / OpenStreetMap", "fetchedAt": "2026-09-16T06:05:25.889006+00:00", "requestUrl": "https://router.project-osrm.org/route/v1/driving/101.5533938,30.3327795;101.77498506804832,30.184510173715488;102.9504575,29.9901313;104.07947,30.65429?overview=full&geometries=geojson&steps=false", "distanceMeters": 379826.8, "durationSeconds": 18212.5, "waypoints": [{"hint": "1NuPhe5YrpETAAAAAAAAAB0BAAC3AwAAiQ04QgAAAABguCdEc9wMRRMAAAAAAAAAHQEAALcDAAB3JgEA1WgNBj_tzgHylA0GbNfOASIA7wEAAAAA", "location": [101.542101, 30.338367], "name": "兰州－马关", "distance": 1250.247553}, {"hint": "Itt1lG_bdZRsAAAAAAAAAAAAAAAdDQAA6TPvQQAAAAAAAAAAc0JpRGwAAAAAAAAAAAAAAB0NAAB3JgEA7vMQBm6HzAGJ9hAGPpTMAQAADxIAAAAA", "location": [101.774318, 30.18123], "name": "", "distance": 369.2374397}, {"hint": "WXfIibrsVZQHAAAAOAAAAAAAAAAAAAAAJJevQMk6GUIAAAAAAAAAAAcAAAA4AAAAAAAAAAAAAAB3JgEAAOUiBoecyQE65iIG85zJAQAA7wkAAAAA", "location": [102.950144, 29.990023], "name": "", "distance": 32.58341278}, {"hint": "ZP-Ni2X_jYtVAAAAAwAAAAAAAAAAAAAAhWEOQuJCeD8AAAAAAAAAAFUAAAADAAAAAAAAAAAAAAB3JgEA1yA0BgTA0wFuIDQGUr_TAQAAjxIAAAAA", "location": [104.079575, 30.654468], "name": "", "distance": 22.15088134}], "note": "Suggested driving route through supplied WGS84 itinerary anchors; not a verified convoy route. No live closures or off-road activities."}, "geometry": {"coordinates": [[101.542101, 30.338367], [101.541855, 30.338011], [101.541712, 30.337817], [101.541563, 30.337686], [101.541305, 30.33754], [101.540991, 30.337465], [101.539864, 30.337314], [101.539648, 30.33726], [101.539489, 30.337179], [101.539286, 30.337029], [101.539134, 30.336857], [101.539039, 30.336648], [101.538915, 30.336068], [101.538774, 30.335333], [101.53868, 30.33506], [101.538599, 30.334899], [101.53848, 30.334719], [101.538325, 30.334551], [101.537606, 30.33397], [101.536611, 30.333166], [101.536338, 30.332953], [101.536002, 30.332735], [101.53543, 30.332362], [101.531413, 30.329828], [101.529604, 30.32858], [101.529237, 30.328323], [101.526913, 30.326694], [101.526805, 30.326617], [101.526686, 30.326521], [101.526917, 30.326438], [101.527534, 30.326218], [101.528717, 30.325804], [101.529776, 30.325409], [101.530672, 30.325082], [101.531886, 30.324615], [101.532175, 30.324464], [101.532378, 30.324311], [101.532574, 30.324148], [101.533101, 30.323663], [101.533287, 30.323525], [101.533454, 30.323429], [101.53368, 30.323335], [101.533933, 30.323274], [101.534767, 30.323067], [101.535065, 30.322959], [101.535351, 30.322812], [101.535621, 30.322634], [101.537926, 30.320949], [101.540371, 30.319145], [101.542262, 30.317744], [101.542904, 30.317295], [101.543107, 30.317174], [101.543521, 30.317026], [101.543806, 30.316963], [101.544087, 30.316932], [101.544399, 30.316932], [101.544689, 30.31697], [101.545119, 30.317055], [101.54546, 30.317125], [101.545765, 30.317192], [101.546064, 30.317253], [101.54646, 30.317318], [101.546792, 30.317355], [101.547063, 30.317356], [101.547458, 30.31732], [101.547882, 30.317248], [101.549599, 30.316839], [101.551147, 30.316479], [101.553039, 30.31603], [101.553429, 30.315905], [101.553938, 30.315711], [101.554335, 30.315527], [101.555889, 30.314617], [101.556437, 30.314292], [101.556829, 30.31409], [101.557261, 30.313924], [101.557659, 30.313791], [101.558124, 30.313648], [101.558535, 30.31349], [101.559889, 30.312846], [101.560117, 30.312786], [101.560295, 30.312779], [101.560443, 30.312772], [101.560677, 30.312821], [101.56127, 30.313087], [101.561745, 30.313306], [101.562123, 30.313481], [101.562597, 30.313716], [101.562866, 30.313872], [101.563056, 30.314041], [101.563136, 30.314136], [101.563458, 30.314572], [101.563597, 30.314729], [101.563742, 30.314824], [101.563884, 30.314893], [101.564201, 30.314998], [101.564539, 30.315076], [101.564871, 30.315097], [101.565223, 30.315101], [101.56561, 30.315146], [101.56601, 30.315227], [101.566334, 30.31534], [101.566676, 30.315498], [101.566872, 30.315634], [101.56746, 30.316069], [101.567712, 30.31623], [101.567952, 30.316338], [101.568183, 30.31639], [101.56839, 30.316414], [101.568707, 30.316417], [101.568973, 30.316421], [101.57001, 30.316429], [101.570298, 30.316432], [101.57102, 30.316464], [101.571572, 30.31651], [101.574699, 30.316828], [101.575408, 30.3169], [101.577774, 30.317137], [101.578889, 30.317251], [101.580454, 30.317398], [101.581351, 30.317495], [101.582928, 30.317655], [101.583229, 30.317668], [101.583545, 30.317662], [101.583947, 30.317627], [101.585182, 30.317484], [101.585563, 30.317411], [101.585902, 30.317326], [101.586255, 30.317202], [101.586576, 30.317063], [101.589501, 30.315635], [101.590171, 30.315305], [101.590645, 30.315023], [101.591215, 30.314629], [101.591474, 30.314433], [101.591733, 30.314221], [101.592105, 30.313878], [101.592373, 30.313679], [101.592658, 30.313505], [101.592886, 30.313388], [101.59312, 30.313307], [101.593326, 30.313249], [101.593703, 30.313186], [101.594829, 30.313063], [101.595377, 30.313005], [101.59568, 30.312966], [101.595919, 30.312907], [101.596228, 30.31276], [101.598174, 30.311624], [101.598427, 30.311439], [101.599043, 30.31096], [101.599198, 30.31084], [101.59953, 30.310524], [101.599735, 30.310274], [101.599934, 30.309975], [101.600198, 30.309605], [101.600392, 30.309421], [101.600997, 30.308828], [101.601035, 30.30879], [101.60166, 30.308159], [101.602557, 30.307253], [101.603116, 30.306718], [101.603487, 30.306393], [101.604086, 30.30594], [101.604766, 30.305411], [101.605649, 30.304745], [101.606016, 30.304453], [101.606234, 30.304291], [101.606811, 30.303905], [101.607926, 30.303262], [101.608165, 30.303067], [101.6086, 30.302674], [101.608812, 30.302447], [101.60901, 30.302228], [101.609178, 30.301993], [101.609311, 30.301759], [101.609408, 30.301485], [101.609425, 30.301279], [101.609418, 30.300959], [101.609459, 30.300761], [101.609515, 30.300613], [101.609585, 30.300499], [101.609686, 30.300363], [101.609836, 30.30022], [101.610725, 30.299568], [101.610944, 30.299402], [101.611127, 30.29922], [101.611217, 30.299064], [101.611315, 30.298837], [101.611427, 30.298385], [101.611498, 30.298199], [101.611576, 30.298052], [101.612705, 30.296586], [101.612887, 30.296344], [101.613084, 30.296073], [101.613278, 30.295745], [101.613611, 30.295138], [101.613692, 30.294932], [101.613786, 30.294648], [101.61392, 30.294318], [101.614001, 30.294128], [101.614112, 30.293932], [101.614227, 30.293774], [101.614413, 30.293564], [101.614583, 30.293389], [101.614993, 30.292995], [101.61526, 30.29276], [101.615879, 30.29218], [101.616628, 30.291485], [101.617464, 30.290703], [101.61767, 30.29053], [101.617902, 30.29036], [101.618155, 30.290203], [101.618847, 30.28978], [101.619192, 30.289534], [101.619726, 30.289106], [101.620133, 30.288788], [101.620261, 30.288708], [101.620494, 30.288577], [101.620867, 30.288376], [101.621145, 30.288224], [101.621344, 30.28809], [101.621471, 30.287989], [101.621589, 30.287876], [101.622082, 30.287355], [101.623278, 30.286055], [101.623458, 30.285846], [101.623678, 30.285563], [101.62401, 30.285035], [101.624186, 30.284751], [101.624576, 30.284196], [101.624679, 30.284073], [101.624776, 30.283959], [101.624911, 30.283835], [101.625044, 30.283726], [101.625238, 30.283583], [101.625537, 30.283393], [101.625849, 30.283201], [101.626249, 30.28296], [101.626555, 30.282792], [101.626786, 30.282684], [101.627043, 30.282598], [101.627298, 30.28253], [101.627564, 30.282497], [101.62776, 30.282482], [101.627996, 30.282476], [101.628642, 30.282482], [101.629258, 30.282484], [101.629484, 30.282466], [101.62971, 30.282416], [101.629859, 30.282353], [101.630002, 30.282271], [101.630377, 30.281933], [101.630563, 30.281783], [101.630762, 30.281655], [101.631026, 30.281521], [101.631265, 30.281427], [101.631475, 30.281333], [101.631625, 30.281242], [101.63173, 30.281156], [101.631812, 30.281058], [101.631871, 30.280933], [101.631927, 30.280753], [101.631971, 30.280462], [101.632005, 30.280082], [101.632028, 30.279811], [101.632093, 30.279246], [101.632246, 30.278505], [101.632314, 30.278105], [101.632361, 30.277882], [101.632462, 30.277659], [101.63261, 30.277442], [101.633872, 30.275513], [101.634124, 30.275093], [101.634224, 30.274809], [101.634251, 30.274528], [101.634243, 30.274224], [101.634202, 30.273793], [101.634265, 30.273665], [101.634356, 30.273607], [101.634478, 30.273584], [101.634565, 30.273602], [101.634636, 30.273662], [101.63466, 30.273743], [101.634594, 30.274242], [101.634634, 30.274888], [101.634623, 30.275106], [101.634493, 30.275615], [101.634302, 30.276358], [101.63401, 30.276928], [101.633993, 30.276984], [101.63399, 30.277049], [101.634005, 30.277096], [101.634059, 30.27716], [101.634157, 30.277191], [101.634238, 30.277186], [101.634303, 30.277166], [101.634364, 30.277116], [101.634431, 30.277019], [101.634481, 30.276821], [101.634566, 30.276187], [101.634652, 30.275813], [101.634774, 30.275514], [101.635036, 30.275002], [101.63512, 30.274772], [101.635315, 30.273867], [101.63534, 30.273497], [101.635347, 30.273085], [101.635397, 30.272977], [101.635464, 30.272929], [101.635581, 30.2729], [101.635677, 30.272915], [101.635747, 30.272982], [101.635772, 30.273052], [101.635771, 30.273131], [101.635678, 30.273524], [101.635654, 30.273683], [101.635585, 30.274437], [101.635458, 30.274759], [101.635427, 30.274914], [101.635482, 30.275029], [101.635599, 30.275082], [101.63572, 30.275076], [101.635834, 30.275001], [101.63589, 30.274843], [101.635923, 30.274474], [101.63604, 30.273805], [101.636509, 30.272842], [101.636632, 30.272516], [101.636671, 30.272252], [101.636657, 30.272179], [101.636629, 30.272038], [101.636484, 30.271854], [101.636349, 30.271669], [101.636214, 30.271431], [101.636169, 30.271224], [101.636229, 30.271011], [101.636366, 30.270842], [101.63667, 30.270732], [101.637393, 30.270557], [101.638172, 30.270353], [101.638488, 30.270174], [101.63866, 30.270019], [101.638849, 30.269759], [101.638903, 30.269595], [101.639018, 30.269147], [101.639271, 30.26816], [101.639487, 30.267289], [101.639639, 30.266849], [101.639726, 30.266666], [101.64013, 30.266202], [101.641666, 30.264478], [101.642094, 30.263977], [101.642613, 30.263104], [101.642839, 30.262688], [101.643759, 30.261051], [101.643889, 30.260917], [101.643997, 30.260788], [101.644137, 30.260692], [101.645555, 30.260177], [101.645651, 30.260069], [101.645707, 30.259941], [101.646103, 30.258459], [101.646101, 30.258127], [101.645911, 30.257543], [101.645828, 30.257208], [101.645789, 30.256934], [101.64584, 30.256739], [101.646122, 30.256207], [101.646399, 30.255769], [101.646558, 30.255446], [101.646666, 30.255124], [101.646714, 30.254795], [101.646665, 30.254469], [101.646594, 30.25403], [101.646483, 30.253604], [101.646005, 30.252657], [101.645613, 30.250693], [101.645631, 30.250321], [101.645687, 30.249645], [101.645739, 30.249152], [101.64577, 30.248764], [101.64579, 30.248523], [101.645857, 30.248019], [101.645891, 30.247676], [101.64595, 30.247349], [101.646153, 30.246893], [101.646389, 30.246357], [101.646445, 30.245981], [101.646435, 30.24568], [101.64627, 30.245241], [101.646179, 30.245001], [101.646098, 30.244831], [101.646071, 30.244508], [101.646215, 30.243921], [101.646194, 30.243536], [101.645784, 30.242122], [101.645562, 30.24182], [101.645198, 30.241394], [101.644862, 30.240789], [101.644402, 30.239632], [101.64438, 30.239391], [101.644422, 30.23903], [101.64447, 30.238626], [101.644557, 30.238068], [101.644578, 30.237804], [101.644556, 30.237513], [101.644494, 30.237213], [101.644472, 30.237107], [101.644222, 30.23655], [101.643391, 30.23499], [101.642531, 30.233712], [101.641438, 30.23283], [101.641244, 30.232503], [101.641171, 30.232161], [101.641303, 30.230701], [101.641436, 30.230264], [101.641706, 30.229674], [101.641896, 30.229129], [101.641998, 30.228948], [101.642217, 30.228449], [101.642336, 30.227957], [101.642179, 30.226838], [101.642077, 30.226174], [101.641975, 30.225619], [101.641859, 30.224523], [101.641576, 30.22338], [101.641606, 30.22299], [101.641733, 30.222306], [101.641796, 30.221813], [101.64172, 30.221239], [101.641448, 30.220549], [101.641383, 30.220251], [101.64138, 30.219955], [101.641429, 30.218805], [101.641488, 30.218275], [101.641503, 30.218138], [101.641529, 30.217603], [101.641563, 30.216873], [101.641557, 30.216493], [101.641509, 30.216103], [101.640839, 30.213352], [101.640827, 30.213293], [101.640626, 30.212302], [101.640621, 30.211921], [101.640708, 30.211582], [101.64085, 30.21131], [101.64139, 30.210449], [101.64172, 30.210083], [101.642309, 30.209642], [101.642663, 30.209475], [101.643941, 30.208929], [101.644162, 30.208731], [101.644252, 30.208556], [101.644317, 30.207966], [101.644393, 30.207222], [101.644512, 30.206966], [101.644873, 30.206636], [101.646747, 30.204924], [101.647689, 30.204123], [101.648175, 30.203746], [101.648391, 30.203654], [101.648645, 30.203654], [101.649218, 30.203839], [101.649831, 30.204057], [101.650088, 30.204102], [101.650453, 30.204051], [101.650867, 30.203911], [101.651065, 30.203803], [101.651579, 30.20341], [101.651848, 30.203196], [101.652063, 30.203046], [101.652193, 30.202994], [101.652489, 30.202897], [101.652812, 30.202824], [101.653048, 30.20279], [101.653322, 30.20279], [101.653487, 30.202803], [101.653701, 30.202841], [101.653884, 30.202881], [101.654054, 30.202951], [101.655369, 30.203543], [101.655587, 30.203584], [101.655766, 30.203585], [101.655955, 30.203557], [101.656137, 30.203473], [101.65626, 30.203393], [101.657119, 30.202628], [101.657339, 30.202356], [101.657396, 30.202173], [101.657368, 30.201982], [101.657267, 30.201783], [101.657078, 30.201645], [101.656165, 30.201255], [101.656103, 30.20117], [101.656087, 30.201063], [101.656097, 30.200971], [101.656158, 30.200878], [101.65631, 30.200812], [101.658119, 30.201028], [101.658378, 30.200993], [101.658626, 30.200931], [101.658989, 30.200759], [101.660546, 30.199808], [101.662253, 30.199028], [101.662866, 30.198862], [101.663438, 30.198747], [101.663811, 30.198565], [101.664139, 30.198366], [101.665254, 30.197293], [101.665394, 30.197166], [101.666301, 30.196346], [101.667645, 30.195304], [101.669246, 30.19423], [101.66962, 30.193939], [101.669788, 30.193718], [101.669873, 30.193434], [101.66997, 30.192876], [101.670036, 30.192693], [101.670135, 30.192535], [101.670276, 30.192422], [101.670458, 30.192354], [101.670613, 30.192326], [101.670816, 30.192342], [101.672282, 30.192913], [101.672568, 30.192998], [101.672804, 30.193029], [101.674319, 30.19306], [101.674611, 30.193097], [101.67603, 30.193369], [101.676762, 30.1935], [101.677241, 30.193614], [101.677566, 30.193632], [101.677883, 30.19356], [101.678057, 30.19345], [101.678151, 30.193316], [101.678212, 30.193169], [101.678226, 30.192892], [101.678137, 30.19267], [101.677917, 30.192362], [101.677486, 30.191867], [101.677136, 30.191534], [101.674747, 30.190266], [101.674504, 30.190094], [101.674279, 30.189887], [101.674103, 30.189551], [101.674027, 30.189007], [101.674013, 30.188466], [101.673945, 30.188173], [101.673853, 30.187957], [101.673512, 30.187252], [101.673481, 30.187116], [101.673483, 30.186961], [101.67353, 30.186824], [101.673623, 30.1867], [101.673762, 30.186587], [101.673946, 30.18651], [101.674933, 30.186352], [101.675325, 30.18629], [101.675587, 30.186313], [101.675805, 30.186357], [101.676048, 30.186439], [101.676492, 30.186694], [101.676981, 30.187089], [101.677305, 30.187242], [101.677722, 30.18736], [101.679278, 30.18781], [101.679602, 30.187823], [101.679862, 30.187748], [101.680005, 30.18763], [101.680118, 30.187464], [101.680132, 30.187288], [101.680085, 30.187123], [101.679965, 30.186925], [101.679794, 30.18669], [101.679414, 30.186257], [101.679071, 30.18572], [101.678102, 30.183901], [101.67797, 30.183638], [101.677939, 30.183411], [101.677993, 30.183223], [101.678121, 30.18303], [101.678291, 30.18293], [101.678473, 30.182864], [101.678948, 30.182794], [101.679915, 30.182744], [101.680273, 30.1827], [101.680623, 30.182634], [101.682293, 30.182076], [101.68251, 30.181978], [101.68264, 30.181891], [101.682718, 30.181818], [101.682778, 30.181714], [101.682813, 30.181625], [101.682831, 30.181541], [101.682835, 30.181447], [101.682819, 30.181355], [101.682769, 30.181259], [101.682699, 30.181175], [101.68258, 30.181075], [101.682455, 30.180991], [101.682348, 30.180939], [101.68181, 30.180706], [101.680744, 30.18026], [101.680602, 30.180197], [101.680494, 30.180149], [101.68037, 30.180072], [101.680265, 30.179971], [101.680193, 30.179867], [101.680158, 30.179747], [101.680147, 30.179625], [101.680173, 30.179507], [101.680225, 30.179341], [101.680286, 30.179229], [101.680884, 30.178134], [101.681556, 30.176944], [101.681729, 30.176768], [101.681942, 30.176638], [101.682805, 30.176476], [101.683197, 30.176328], [101.683669, 30.176115], [101.683872, 30.17608], [101.684055, 30.176095], [101.685689, 30.176487], [101.686358, 30.17658], [101.686567, 30.176564], [101.686733, 30.176506], [101.686879, 30.176381], [101.687321, 30.175852], [101.687483, 30.175666], [101.687759, 30.17547], [101.688088, 30.175273], [101.688344, 30.175177], [101.688633, 30.175092], [101.689101, 30.175011], [101.689357, 30.174947], [101.689591, 30.174824], [101.689714, 30.17467], [101.689776, 30.17449], [101.68976, 30.174281], [101.689689, 30.174087], [101.689495, 30.173878], [101.689166, 30.173625], [101.689064, 30.173554], [101.688985, 30.173473], [101.688254, 30.172492], [101.688037, 30.172316], [101.687734, 30.172226], [101.686529, 30.172197], [101.686239, 30.172111], [101.686068, 30.171994], [101.685938, 30.171831], [101.685895, 30.171622], [101.6859, 30.171493], [101.685947, 30.171365], [101.686189, 30.170988], [101.686559, 30.17041], [101.686896, 30.169969], [101.687326, 30.169537], [101.687612, 30.169344], [101.688052, 30.169147], [101.688418, 30.16905], [101.688737, 30.169003], [101.689085, 30.169002], [101.689405, 30.16904], [101.690193, 30.169195], [101.690841, 30.169322], [101.691235, 30.169376], [101.691435, 30.169399], [101.691864, 30.169447], [101.692531, 30.169485], [101.693103, 30.169536], [101.693379, 30.169577], [101.693656, 30.169666], [101.693899, 30.169783], [101.69403, 30.169891], [101.69448, 30.170258], [101.694679, 30.170407], [101.694937, 30.170533], [101.695224, 30.170636], [101.695583, 30.170764], [101.696914, 30.171287], [101.698538, 30.171896], [101.698865, 30.172012], [101.699679, 30.172299], [101.70153, 30.172976], [101.701831, 30.173126], [101.702063, 30.173249], [101.702272, 30.173406], [101.702663, 30.173763], [101.702825, 30.173946], [101.703162, 30.174258], [101.703338, 30.174398], [101.703574, 30.174518], [101.703767, 30.174585], [101.704019, 30.174705], [101.704632, 30.174996], [101.705133, 30.175235], [101.705267, 30.17529], [101.705406, 30.17534], [101.705518, 30.175363], [101.705644, 30.175366], [101.705767, 30.175346], [101.70588, 30.175315], [101.706017, 30.175235], [101.706127, 30.175112], [101.706191, 30.174992], [101.706206, 30.174913], [101.706216, 30.174866], [101.706209, 30.174705], [101.706158, 30.174449], [101.706031, 30.173981], [101.705797, 30.172957], [101.70549, 30.171815], [101.705195, 30.170812], [101.704901, 30.169822], [101.704594, 30.169036], [101.704283, 30.168152], [101.703907, 30.167166], [101.703737, 30.166719], [101.703604, 30.166327], [101.703569, 30.166069], [101.703594, 30.16591], [101.703689, 30.165473], [101.70371, 30.165205], [101.703681, 30.164981], [101.703081, 30.163896], [101.702545, 30.163009], [101.702349, 30.16279], [101.701157, 30.161832], [101.700882, 30.161575], [101.70081, 30.161419], [101.700778, 30.161303], [101.700786, 30.161158], [101.70084, 30.161042], [101.700973, 30.160877], [101.701178, 30.160749], [101.701407, 30.160718], [101.701679, 30.160737], [101.7024, 30.160837], [101.703422, 30.160991], [101.70681, 30.161547], [101.70724, 30.161724], [101.707878, 30.162063], [101.70925, 30.16291], [101.709481, 30.163145], [101.709642, 30.163413], [101.710507, 30.165295], [101.712284, 30.168397], [101.713274, 30.170126], [101.713352, 30.170215], [101.713459, 30.170274], [101.713616, 30.170292], [101.713749, 30.170267], [101.71386, 30.17017], [101.713907, 30.170063], [101.713927, 30.169934], [101.714034, 30.168705], [101.714093, 30.167283], [101.713977, 30.165441], [101.713796, 30.163984], [101.713312, 30.1622], [101.71335, 30.161994], [101.713475, 30.161871], [101.713623, 30.161824], [101.713805, 30.161846], [101.713955, 30.161919], [101.71398, 30.161952], [101.714079, 30.162084], [101.715152, 30.164641], [101.715211, 30.164781], [101.716648, 30.16752], [101.717188, 30.16839], [101.717406, 30.168755], [101.717737, 30.169311], [101.717809, 30.169432], [101.717945, 30.169585], [101.718101, 30.16968], [101.718344, 30.169738], [101.718647, 30.169731], [101.71891, 30.169645], [101.72038, 30.16861], [101.721022, 30.168102], [101.721315, 30.167885], [101.722232, 30.167205], [101.722403, 30.167022], [101.722683, 30.166265], [101.723047, 30.165335], [101.724093, 30.162673], [101.724256, 30.162423], [101.724389, 30.162332], [101.724541, 30.162282], [101.724696, 30.162269], [101.72484, 30.162278], [101.724992, 30.162323], [101.725125, 30.162391], [101.725271, 30.162529], [101.725513, 30.162892], [101.725805, 30.163269], [101.725913, 30.163386], [101.72602, 30.163454], [101.726166, 30.16351], [101.72629, 30.163536], [101.72646, 30.163538], [101.726655, 30.163508], [101.72691, 30.163417], [101.727191, 30.163313], [101.729015, 30.162565], [101.729181, 30.162497], [101.730354, 30.162031], [101.730509, 30.162009], [101.730661, 30.162031], [101.730831, 30.162072], [101.730964, 30.162126], [101.731069, 30.162226], [101.73115, 30.162399], [101.731215, 30.162575], [101.731498, 30.163816], [101.731586, 30.163931], [101.731665, 30.163989], [101.731741, 30.164007], [101.731856, 30.164013], [101.731962, 30.163994], [101.732054, 30.163935], [101.732114, 30.163848], [101.732187, 30.16367], [101.732618, 30.162154], [101.732717, 30.161887], [101.732826, 30.161731], [101.732961, 30.161553], [101.73332, 30.161165], [101.733521, 30.160926], [101.73367, 30.160712], [101.733788, 30.160482], [101.733846, 30.160291], [101.733903, 30.160044], [101.733916, 30.159707], [101.733869, 30.159397], [101.733648, 30.158493], [101.733646, 30.158293], [101.733674, 30.158068], [101.73376, 30.157887], [101.733891, 30.157677], [101.734036, 30.157542], [101.734242, 30.157427], [101.734667, 30.157265], [101.735174, 30.157102], [101.735642, 30.156941], [101.735871, 30.156862], [101.736276, 30.156719], [101.736937, 30.156392], [101.738851, 30.155232], [101.739033, 30.155148], [101.739151, 30.155127], [101.739215, 30.155116], [101.739363, 30.155156], [101.739443, 30.1552], [101.739503, 30.155242], [101.739552, 30.155394], [101.739533, 30.155526], [101.739336, 30.155796], [101.738784, 30.156523], [101.738526, 30.15673], [101.738277, 30.156866], [101.737509, 30.157192], [101.737121, 30.157373], [101.736839, 30.157567], [101.736635, 30.157795], [101.736535, 30.158092], [101.736418, 30.158734], [101.736346, 30.159711], [101.736589, 30.160661], [101.736621, 30.161209], [101.7366, 30.161642], [101.736606, 30.161864], [101.736646, 30.162042], [101.736732, 30.162268], [101.737038, 30.162793], [101.737776, 30.164059], [101.737838, 30.164227], [101.737879, 30.164425], [101.737845, 30.164721], [101.737576, 30.166228], [101.737486, 30.167938], [101.737519, 30.168155], [101.737641, 30.168441], [101.738936, 30.169952], [101.739012, 30.170084], [101.739049, 30.170358], [101.738967, 30.170626], [101.738896, 30.170751], [101.738669, 30.171007], [101.737773, 30.171994], [101.737679, 30.172261], [101.73765, 30.172503], [101.73766, 30.17375], [101.737746, 30.175431], [101.738811, 30.178391], [101.739226, 30.179072], [101.741626, 30.182391], [101.742408, 30.183188], [101.742557, 30.183431], [101.742615, 30.183601], [101.742649, 30.183839], [101.742656, 30.184304], [101.742743, 30.184732], [101.742793, 30.184905], [101.742917, 30.185329], [101.742973, 30.18552], [101.743047, 30.185778], [101.743207, 30.186338], [101.74323, 30.186543], [101.74323, 30.18672], [101.743192, 30.186967], [101.743011, 30.187812], [101.742791, 30.188824], [101.742804, 30.188978], [101.742855, 30.189084], [101.742922, 30.18915], [101.742998, 30.189192], [101.743082, 30.18921], [101.743192, 30.18921], [101.743312, 30.189159], [101.743404, 30.189034], [101.743585, 30.18865], [101.744011, 30.187664], [101.744172, 30.187406], [101.744361, 30.187179], [101.745096, 30.186495], [101.745287, 30.186336], [101.745435, 30.186237], [101.745614, 30.186168], [101.745785, 30.186149], [101.745943, 30.186153], [101.746147, 30.186206], [101.746323, 30.186305], [101.748385, 30.187944], [101.748482, 30.187995], [101.748586, 30.188034], [101.748699, 30.18803], [101.748814, 30.187979], [101.74889, 30.187898], [101.748936, 30.187781], [101.748934, 30.187668], [101.748872, 30.187516], [101.748701, 30.187304], [101.747653, 30.186129], [101.747576, 30.185992], [101.747545, 30.185882], [101.747568, 30.185798], [101.747624, 30.185707], [101.747714, 30.185643], [101.747818, 30.185619], [101.747931, 30.185637], [101.748074, 30.185676], [101.748232, 30.185771], [101.749768, 30.186894], [101.750064, 30.187086], [101.75025, 30.187179], [101.750403, 30.187227], [101.750569, 30.187256], [101.750753, 30.187262], [101.750952, 30.187234], [101.75109, 30.187187], [101.751271, 30.187077], [101.751404, 30.186976], [101.751621, 30.186735], [101.752358, 30.185793], [101.75269, 30.185383], [101.752845, 30.185123], [101.752932, 30.184929], [101.752973, 30.184638], [101.752986, 30.183974], [101.752963, 30.183058], [101.752976, 30.182957], [101.753037, 30.18286], [101.753118, 30.182774], [101.75322, 30.18273], [101.753376, 30.182738], [101.753496, 30.18278], [101.753583, 30.182851], [101.753629, 30.182957], [101.753659, 30.183166], [101.753833, 30.184124], [101.753917, 30.184349], [101.75405, 30.184582], [101.75416, 30.184791], [101.754931, 30.185697], [101.755063, 30.185883], [101.755095, 30.185944], [101.755127, 30.186004], [101.755147, 30.186145], [101.755153, 30.186308], [101.755124, 30.186443], [101.755005, 30.186655], [101.754777, 30.186855], [101.75427, 30.187208], [101.753364, 30.187815], [101.753093, 30.188085], [101.752897, 30.188339], [101.752739, 30.188681], [101.75251, 30.189446], [101.752422, 30.189734], [101.752156, 30.190357], [101.752084, 30.19065], [101.752093, 30.190939], [101.752236, 30.191588], [101.752379, 30.192222], [101.752475, 30.192482], [101.752598, 30.192617], [101.753563, 30.193393], [101.75385, 30.193597], [101.754101, 30.193833], [101.754165, 30.193977], [101.754205, 30.194179], [101.754177, 30.194355], [101.754089, 30.194593], [101.753916, 30.194808], [101.753364, 30.19544], [101.753203, 30.19569], [101.753146, 30.195884], [101.753146, 30.196004], [101.7532, 30.196143], [101.753316, 30.196274], [101.753461, 30.196379], [101.753622, 30.19645], [101.753768, 30.196474], [101.753938, 30.196458], [101.754247, 30.196403], [101.754869, 30.196178], [101.755817, 30.195785], [101.756529, 30.195402], [101.757238, 30.194934], [101.758075, 30.194372], [101.758522, 30.194081], [101.758852, 30.193842], [101.759032, 30.193711], [101.759202, 30.193507], [101.75929, 30.193323], [101.759484, 30.192885], [101.759618, 30.19267], [101.759827, 30.19245], [101.760634, 30.191713], [101.761736, 30.190803], [101.762397, 30.190336], [101.762895, 30.189979], [101.763107, 30.189798], [101.76335, 30.189578], [101.763714, 30.189158], [101.763915, 30.188967], [101.764072, 30.188828], [101.764297, 30.188683], [101.764625, 30.188555], [101.765019, 30.188494], [101.766121, 30.188324], [101.766476, 30.18825], [101.766703, 30.188161], [101.766913, 30.188009], [101.767155, 30.187784], [101.767356, 30.187479], [101.76772, 30.186816], [101.767832, 30.186661], [101.767972, 30.186559], [101.76813, 30.186517], [101.767942, 30.18634], [101.767883, 30.186154], [101.76763, 30.186285], [101.767648, 30.186112], [101.767701, 30.185853], [101.767773, 30.185616], [101.767478, 30.185663], [101.767376, 30.18563], [101.767344, 30.18557], [101.767253, 30.18518], [101.767199, 30.185097], [101.76714, 30.185065], [101.766711, 30.185041], [101.766132, 30.184949], [101.766003, 30.184898], [101.766497, 30.184657], [101.766931, 30.184541], [101.767687, 30.184397], [101.768192, 30.184253], [101.768385, 30.184133], [101.768782, 30.183901], [101.768964, 30.183669], [101.769146, 30.183539], [101.769403, 30.183032], [101.769662, 30.182866], [101.770434, 30.182468], [101.770847, 30.18218], [101.771078, 30.182069], [101.771335, 30.181971], [101.771829, 30.18173], [101.772033, 30.18167], [101.772258, 30.181577], [101.773057, 30.181299], [101.774318, 30.18123], [101.774318, 30.18123], [101.774613, 30.181146], [101.774318, 30.18123], [101.773057, 30.181299], [101.772258, 30.181577], [101.772033, 30.18167], [101.771829, 30.18173], [101.771335, 30.181971], [101.771078, 30.182069], [101.770847, 30.18218], [101.770434, 30.182468], [101.769662, 30.182866], [101.769403, 30.183032], [101.769146, 30.183539], [101.768964, 30.183669], [101.768782, 30.183901], [101.768385, 30.184133], [101.768192, 30.184253], [101.767687, 30.184397], [101.766931, 30.184541], [101.766497, 30.184657], [101.766003, 30.184898], [101.766132, 30.184949], [101.766711, 30.185041], [101.76714, 30.185065], [101.767199, 30.185097], [101.767253, 30.18518], [101.767344, 30.18557], [101.767376, 30.18563], [101.767478, 30.185663], [101.767773, 30.185616], [101.767701, 30.185853], [101.767648, 30.186112], [101.76763, 30.186285], [101.767883, 30.186154], [101.767942, 30.18634], [101.76813, 30.186517], [101.768251, 30.186559], [101.768342, 30.186635], [101.768369, 30.186747], [101.768354, 30.18685], [101.768275, 30.186997], [101.767413, 30.188182], [101.767286, 30.188429], [101.767189, 30.18873], [101.767128, 30.189048], [101.767128, 30.189338], [101.767172, 30.189709], [101.767553, 30.190622], [101.768156, 30.192064], [101.768179, 30.192204], [101.768224, 30.192488], [101.76809, 30.192991], [101.767868, 30.193482], [101.767268, 30.194495], [101.766156, 30.195835], [101.763325, 30.199167], [101.762978, 30.199887], [101.762461, 30.200992], [101.761999, 30.201976], [101.761192, 30.203436], [101.760829, 30.204047], [101.760383, 30.204584], [101.758842, 30.206053], [101.758322, 30.206877], [101.758026, 30.207394], [101.757728, 30.207655], [101.757455, 30.207816], [101.757319, 30.207875], [101.756954, 30.207966], [101.75672, 30.208173], [101.756513, 30.208743], [101.756493, 30.208869], [101.756421, 30.2095], [101.7564, 30.210324], [101.756393, 30.210473], [101.756696, 30.211436], [101.757453, 30.213848], [101.758466, 30.215629], [101.75862, 30.216035], [101.758846, 30.217491], [101.759232, 30.218201], [101.7599, 30.218873], [101.760117, 30.219342], [101.760146, 30.219633], [101.760078, 30.220377], [101.760165, 30.2208], [101.760424, 30.221292], [101.76055, 30.221691], [101.761175, 30.222875], [101.761999, 30.223772], [101.76232, 30.224442], [101.762891, 30.226047], [101.763484, 30.226994], [101.764449, 30.228078], [101.765116, 30.228877], [101.765184, 30.228977], [101.765238, 30.22908], [101.765291, 30.229203], [101.765334, 30.229349], [101.765492, 30.23013], [101.765522, 30.230278], [101.765626, 30.230588], [101.765759, 30.230905], [101.766103, 30.231486], [101.766714, 30.232381], [101.767601, 30.233278], [101.768836, 30.235753], [101.769583, 30.236475], [101.770326, 30.238069], [101.770422, 30.238213], [101.770509, 30.238322], [101.770637, 30.238428], [101.770769, 30.238533], [101.771575, 30.239015], [101.771671, 30.239093], [101.771777, 30.239178], [101.771884, 30.239284], [101.771964, 30.239413], [101.772081, 30.239639], [101.772244, 30.240087], [101.772383, 30.240446], [101.772426, 30.240623], [101.77244, 30.240772], [101.77244, 30.240931], [101.772408, 30.241086], [101.772346, 30.241209], [101.772246, 30.241375], [101.772163, 30.241539], [101.77212, 30.241646], [101.772083, 30.241773], [101.772065, 30.241932], [101.772061, 30.242059], [101.772088, 30.24225], [101.772204, 30.242663], [101.772309, 30.243112], [101.772428, 30.243951], [101.772446, 30.244041], [101.772488, 30.244196], [101.772534, 30.244331], [101.772685, 30.244648], [101.773409, 30.246082], [101.773821, 30.246893], [101.774098, 30.24737], [101.774555, 30.248064], [101.77478, 30.248499], [101.774906, 30.248728], [101.774969, 30.248828], [101.77503, 30.24889], [101.775114, 30.248933], [101.775185, 30.248943], [101.775264, 30.248931], [101.775331, 30.248892], [101.77539, 30.248817], [101.775399, 30.248734], [101.775387, 30.248647], [101.775343, 30.248549], [101.775208, 30.248362], [101.77484, 30.247911], [101.774619, 30.247599], [101.774374, 30.247174], [101.774011, 30.24646], [101.773949, 30.246318], [101.773944, 30.246235], [101.773965, 30.246169], [101.774001, 30.246118], [101.774042, 30.246087], [101.774086, 30.24607], [101.774121, 30.246065], [101.774158, 30.246068], [101.774235, 30.246099], [101.774288, 30.246154], [101.774333, 30.246231], [101.774483, 30.246597], [101.774622, 30.246971], [101.774685, 30.247133], [101.774744, 30.247259], [101.7748, 30.247344], [101.774874, 30.247426], [101.774985, 30.247521], [101.775083, 30.247589], [101.775201, 30.247646], [101.775377, 30.247718], [101.775573, 30.247806], [101.775701, 30.247873], [101.7758, 30.24794], [101.775943, 30.248066], [101.776043, 30.248192], [101.776175, 30.248406], [101.776546, 30.249087], [101.776589, 30.249195], [101.776605, 30.249285], [101.776606, 30.249397], [101.776595, 30.249512], [101.776544, 30.249835], [101.776533, 30.249979], [101.776541, 30.250129], [101.77658, 30.250279], [101.776622, 30.250396], [101.776842, 30.250816], [101.777105, 30.25127], [101.777203, 30.251414], [101.777426, 30.251689], [101.777733, 30.252067], [101.777893, 30.252321], [101.77798, 30.252471], [101.778099, 30.252671], [101.778228, 30.252841], [101.778356, 30.252985], [101.779494, 30.253959], [101.77974, 30.254478], [101.77996, 30.255273], [101.780028, 30.255623], [101.780262, 30.256063], [101.781181, 30.257201], [101.781759, 30.257801], [101.782432, 30.258556], [101.782482, 30.258625], [101.78252, 30.258693], [101.782554, 30.258801], [101.782568, 30.258892], [101.78257, 30.258979], [101.782552, 30.259077], [101.782527, 30.259166], [101.782343, 30.259607], [101.782112, 30.260155], [101.781816, 30.260841], [101.781675, 30.261165], [101.781589, 30.261333], [101.781497, 30.26147], [101.781339, 30.261672], [101.781128, 30.261927], [101.780848, 30.262258], [101.780737, 30.262407], [101.78068, 30.262533], [101.780664, 30.262656], [101.780672, 30.262748], [101.780704, 30.26282], [101.780725, 30.262845], [101.780816, 30.262942], [101.780865, 30.262979], [101.780935, 30.263021], [101.780983, 30.26304], [101.781006, 30.263049], [101.781107, 30.263073], [101.781217, 30.263082], [101.781327, 30.263083], [101.781429, 30.263057], [101.78151, 30.263031], [101.781717, 30.262945], [101.781997, 30.262825], [101.78358, 30.2622], [101.783932, 30.262002], [101.78407, 30.261853], [101.784134, 30.261763], [101.7843, 30.261526], [101.784435, 30.261361], [101.784644, 30.261238], [101.785832, 30.260737], [101.786542, 30.260607], [101.788029, 30.260435], [101.790403, 30.260111], [101.791389, 30.259887], [101.791639, 30.259882], [101.791915, 30.259915], [101.792348, 30.260008], [101.792945, 30.260135], [101.793106, 30.260163], [101.793275, 30.260187], [101.793463, 30.260204], [101.793681, 30.260232], [101.793983, 30.260282], [101.794171, 30.260325], [101.794474, 30.260412], [101.794908, 30.260568], [101.79549, 30.260779], [101.795959, 30.260934], [101.796077, 30.260961], [101.796143, 30.260966], [101.796194, 30.260957], [101.796264, 30.260928], [101.796314, 30.260888], [101.796351, 30.260829], [101.796358, 30.260767], [101.796345, 30.260706], [101.796291, 30.260651], [101.796202, 30.260604], [101.796002, 30.260533], [101.795085, 30.260267], [101.794197, 30.260013], [101.793723, 30.259873], [101.793641, 30.259833], [101.793585, 30.259775], [101.793566, 30.25972], [101.793567, 30.259651], [101.793599, 30.259597], [101.793663, 30.259539], [101.793727, 30.259512], [101.7938, 30.259509], [101.793883, 30.259529], [101.794906, 30.259914], [101.795259, 30.260051], [101.79543, 30.260113], [101.795578, 30.260153], [101.795712, 30.260177], [101.795839, 30.260187], [101.795948, 30.260185], [101.796106, 30.260174], [101.796457, 30.260122], [101.797153, 30.260039], [101.797258, 30.260038], [101.797406, 30.260049], [101.797575, 30.260079], [101.797696, 30.260113], [101.79785, 30.260179], [101.800121, 30.26135], [101.801247, 30.26179], [101.801705, 30.261835], [101.80253, 30.261775], [101.802973, 30.261838], [101.803394, 30.261988], [101.804169, 30.26206], [101.805322, 30.26191], [101.805648, 30.261932], [101.807236, 30.26257], [101.808933, 30.263092], [101.809723, 30.263143], [101.810034, 30.263293], [101.810579, 30.263857], [101.810807, 30.264056], [101.811206, 30.264241], [101.812749, 30.264716], [101.812988, 30.264804], [101.813302, 30.26496], [101.81406, 30.265341], [101.814588, 30.265599], [101.814814, 30.265776], [101.814919, 30.26587], [101.814992, 30.266002], [101.815043, 30.266121], [101.815077, 30.266262], [101.815115, 30.266551], [101.815145, 30.266625], [101.815195, 30.266674], [101.815255, 30.266703], [101.815313, 30.266715], [101.815376, 30.26671], [101.815448, 30.266691], [101.815512, 30.266656], [101.815556, 30.266604], [101.815568, 30.266549], [101.815564, 30.266483], [101.815538, 30.266404], [101.815263, 30.265943], [101.814934, 30.265396], [101.814834, 30.265258], [101.814657, 30.265066], [101.81437, 30.26481], [101.813985, 30.264464], [101.813923, 30.264395], [101.813914, 30.264325], [101.813922, 30.264259], [101.813955, 30.264196], [101.81402, 30.264151], [101.814102, 30.264142], [101.81421, 30.264166], [101.814288, 30.2642], [101.814402, 30.264276], [101.815018, 30.264788], [101.815464, 30.265233], [101.815866, 30.265723], [101.816208, 30.266194], [101.816566, 30.266748], [101.816687, 30.266907], [101.817339, 30.267623], [101.818038, 30.268853], [101.81886, 30.269716], [101.819538, 30.270267], [101.820076, 30.270604], [101.820707, 30.271229], [101.82129, 30.272406], [101.821389, 30.272588], [101.821524, 30.272734], [101.821739, 30.272908], [101.822353, 30.273307], [101.822765, 30.273552], [101.823001, 30.273668], [101.823166, 30.273728], [101.823298, 30.27374], [101.823416, 30.27375], [101.823874, 30.273774], [101.824091, 30.273812], [101.824464, 30.273929], [101.82476, 30.274188], [101.824921, 30.274431], [101.82512, 30.274861], [101.825302, 30.275218], [101.8255, 30.275515], [101.825852, 30.275879], [101.826305, 30.276305], [101.826498, 30.276516], [101.826758, 30.276861], [101.826844, 30.276909], [101.826943, 30.276916], [101.827034, 30.276896], [101.827112, 30.27684], [101.82715, 30.276759], [101.827128, 30.276657], [101.82704, 30.276574], [101.826533, 30.276215], [101.826383, 30.276106], [101.826222, 30.275932], [101.826093, 30.275742], [101.825637, 30.274917], [101.825632, 30.274832], [101.825658, 30.274758], [101.825717, 30.27469], [101.825827, 30.274658], [101.825959, 30.274674], [101.826061, 30.274758], [101.826136, 30.274887], [101.826562, 30.275846], [101.826715, 30.276041], [101.826879, 30.276198], [101.827407, 30.276532], [101.827598, 30.276733], [101.82774, 30.276972], [101.827938, 30.277315], [101.828145, 30.277551], [101.828748, 30.278068], [101.828862, 30.278139], [101.829027, 30.278195], [101.829186, 30.278214], [101.829301, 30.278209], [101.829424, 30.27819], [101.829813, 30.278086], [101.83003, 30.278054], [101.830291, 30.278051], [101.830502, 30.278095], [101.83072, 30.278176], [101.832605, 30.279263], [101.83286, 30.279425], [101.833053, 30.279622], [101.833386, 30.28005], [101.833482, 30.280134], [101.833587, 30.280173], [101.833697, 30.280166], [101.833796, 30.28012], [101.833845, 30.280034], [101.833842, 30.279923], [101.83371, 30.279772], [101.833375, 30.279494], [101.831291, 30.278084], [101.831219, 30.278005], [101.831192, 30.277894], [101.831213, 30.277817], [101.831302, 30.277764], [101.831406, 30.277741], [101.831527, 30.277764], [101.831634, 30.277834], [101.832037, 30.278183], [101.832809, 30.278857], [101.833013, 30.279015], [101.833222, 30.279138], [101.833445, 30.279219], [101.833641, 30.279273], [101.835121, 30.279468], [101.835421, 30.279574], [101.83565, 30.279726], [101.835851, 30.279946], [101.836165, 30.280327], [101.836398, 30.280613], [101.836524, 30.280673], [101.836658, 30.280671], [101.836747, 30.280613], [101.836788, 30.280534], [101.83676, 30.280433], [101.8367, 30.280337], [101.83566, 30.279453], [101.835627, 30.279356], [101.83566, 30.279256], [101.835733, 30.279201], [101.835831, 30.279155], [101.835965, 30.279179], [101.836058, 30.27924], [101.836504, 30.279749], [101.836633, 30.279866], [101.837334, 30.280328], [101.837644, 30.280552], [101.838039, 30.28126], [101.838096, 30.281537], [101.838098, 30.281719], [101.838036, 30.281917], [101.837836, 30.282221], [101.837826, 30.282385], [101.837882, 30.282472], [101.838069, 30.282556], [101.838124, 30.28253], [101.838192, 30.282496], [101.838797, 30.282117], [101.839152, 30.281869], [101.840755, 30.281249], [101.841246, 30.281067], [101.843926, 30.280007], [101.845201, 30.279709], [101.847633, 30.278962], [101.849448, 30.278227], [101.850875, 30.277837], [101.851255, 30.277736], [101.851475, 30.277649], [101.852779, 30.27711], [101.855091, 30.275896], [101.857439, 30.275107], [101.858656, 30.274566], [101.859245, 30.274024], [101.859495, 30.2739], [101.860289, 30.2737], [101.862978, 30.272668], [101.863473, 30.272437], [101.864157, 30.271958], [101.864457, 30.271768], [101.864759, 30.271683], [101.865832, 30.271621], [101.866475, 30.271607], [101.867474, 30.27171], [101.867648, 30.271674], [101.867814, 30.271624], [101.867976, 30.271484], [101.868086, 30.271312], [101.868244, 30.271058], [101.868389, 30.270688], [101.868533, 30.270488], [101.868705, 30.270372], [101.86896, 30.27026], [101.869764, 30.270093], [101.870003, 30.269957], [101.870229, 30.269789], [101.870461, 30.269486], [101.870654, 30.268897], [101.870824, 30.26838], [101.871073, 30.267971], [101.872097, 30.266898], [101.872214, 30.266465], [101.872104, 30.265785], [101.872155, 30.265466], [101.872587, 30.264155], [101.872765, 30.263942], [101.872932, 30.263743], [101.873375, 30.263437], [101.873884, 30.26317], [101.874708, 30.262788], [101.87518, 30.262557], [101.875775, 30.262164], [101.87624, 30.261888], [101.8767, 30.261442], [101.877108, 30.261058], [101.877535, 30.26057], [101.878107, 30.259745], [101.878656, 30.259145], [101.879668, 30.258283], [101.880174, 30.257802], [101.880289, 30.257659], [101.880401, 30.257454], [101.880451, 30.257203], [101.880422, 30.25691], [101.880387, 30.256461], [101.880495, 30.255128], [101.880588, 30.25489], [101.880752, 30.254731], [101.88101, 30.254642], [101.882195, 30.25439], [101.882682, 30.254334], [101.883262, 30.254318], [101.883403, 30.254273], [101.883564, 30.254208], [101.883718, 30.254097], [101.883863, 30.25386], [101.883851, 30.253447], [101.883795, 30.252988], [101.883775, 30.252462], [101.883908, 30.252061], [101.884434, 30.250815], [101.884481, 30.250525], [101.884484, 30.250376], [101.884204, 30.249881], [101.884037, 30.249697], [101.88368, 30.249347], [101.88339, 30.248991], [101.883292, 30.248624], [101.883178, 30.247951], [101.883176, 30.247654], [101.883184, 30.24738], [101.883425, 30.246996], [101.88426, 30.246029], [101.884698, 30.245331], [101.884972, 30.244837], [101.885325, 30.244518], [101.885879, 30.244203], [101.885994, 30.244047], [101.88603, 30.243876], [101.886006, 30.243619], [101.885695, 30.243158], [101.885542, 30.242966], [101.885496, 30.242719], [101.885561, 30.242341], [101.885848, 30.241714], [101.885858, 30.2414], [101.885693, 30.240897], [101.885714, 30.2406], [101.885807, 30.240263], [101.886013, 30.240007], [101.886317, 30.239822], [101.886791, 30.239622], [101.887346, 30.239363], [101.887597, 30.239154], [101.887721, 30.23893], [101.888022, 30.237876], [101.888193, 30.237486], [101.888373, 30.237324], [101.888539, 30.237248], [101.888967, 30.237105], [101.889373, 30.236872], [101.889565, 30.236641], [101.889701, 30.236402], [101.889739, 30.236291], [101.889964, 30.235623], [101.890613, 30.233857], [101.890712, 30.233521], [101.890892, 30.232292], [101.891084, 30.231609], [101.891238, 30.231155], [101.891556, 30.230482], [101.891685, 30.230188], [101.89227, 30.228861], [101.892466, 30.228535], [101.892702, 30.228261], [101.89296, 30.228085], [101.893159, 30.22785], [101.893298, 30.227711], [101.893584, 30.227306], [101.893814, 30.226907], [101.894046, 30.22634], [101.894374, 30.225734], [101.894496, 30.225297], [101.894509, 30.224972], [101.894181, 30.223967], [101.893869, 30.223216], [101.893814, 30.222792], [101.893933, 30.222363], [101.894121, 30.222053], [101.895172, 30.220892], [101.895342, 30.220648], [101.895421, 30.220481], [101.895561, 30.219984], [101.895745, 30.21865], [101.895889, 30.218338], [101.896238, 30.217924], [101.896389, 30.217685], [101.896543, 30.217311], [101.896693, 30.216918], [101.896804, 30.216583], [101.896976, 30.216304], [101.897198, 30.216005], [101.897505, 30.21558], [101.897616, 30.215399], [101.897696, 30.215226], [101.898071, 30.214293], [101.898076, 30.214263], [101.898135, 30.21387], [101.898258, 30.212965], [101.89831, 30.212615], [101.898395, 30.212178], [101.898463, 30.211774], [101.898544, 30.211314], [101.898661, 30.210749], [101.898736, 30.210572], [101.89894, 30.210224], [101.89901, 30.210029], [101.899066, 30.209733], [101.899151, 30.208914], [101.899241, 30.208448], [101.89928, 30.207893], [101.89937, 30.207185], [101.899456, 30.206523], [101.899528, 30.206271], [101.899629, 30.206057], [101.899909, 30.205593], [101.900288, 30.204877], [101.900422, 30.204491], [101.900469, 30.204096], [101.900553, 30.203583], [101.90064, 30.203145], [101.900727, 30.202769], [101.900792, 30.202474], [101.900892, 30.202286], [101.901011, 30.202135], [101.90116, 30.202022], [101.901464, 30.201878], [101.901932, 30.201811], [101.902347, 30.201767], [101.902789, 30.20172], [101.903286, 30.201562], [101.903763, 30.201424], [101.904202, 30.201268], [101.904541, 30.201123], [101.905002, 30.20075], [101.905455, 30.200227], [101.905874, 30.19973], [101.906227, 30.199302], [101.906774, 30.198661], [101.906963, 30.198428], [101.907274, 30.198], [101.907692, 30.197523], [101.908047, 30.196978], [101.908349, 30.196508], [101.908529, 30.196169], [101.908751, 30.195778], [101.908843, 30.195595], [101.90897, 30.195316], [101.909113, 30.194948], [101.909216, 30.194618], [101.909325, 30.194082], [101.909384, 30.193804], [101.90948, 30.19358], [101.909587, 30.193421], [101.909738, 30.193244], [101.909955, 30.193067], [101.91019, 30.192874], [101.910593, 30.19251], [101.910949, 30.192233], [101.911086, 30.192066], [101.911223, 30.191875], [101.911336, 30.191658], [101.911397, 30.191469], [101.911456, 30.191214], [101.911456, 30.190926], [101.911471, 30.190576], [101.911501, 30.190348], [101.911636, 30.19009], [101.911945, 30.189598], [101.912158, 30.189289], [101.912524, 30.188912], [101.912729, 30.188733], [101.912946, 30.18856], [101.91307, 30.18841], [101.913248, 30.188044], [101.91346, 30.187576], [101.913709, 30.187204], [101.913865, 30.187041], [101.914009, 30.186916], [101.914092, 30.18686], [101.914169, 30.186808], [101.914358, 30.186725], [101.91445, 30.186685], [101.914746, 30.186587], [101.91494, 30.186513], [101.915093, 30.186446], [101.915194, 30.186372], [101.915344, 30.186233], [101.915441, 30.186115], [101.915587, 30.185858], [101.915681, 30.185704], [101.915791, 30.185582], [101.915925, 30.185456], [101.916128, 30.185303], [101.916423, 30.185103], [101.916596, 30.184977], [101.916726, 30.184846], [101.916845, 30.184687], [101.917002, 30.1844], [101.917115, 30.184185], [101.917238, 30.18393], [101.917301, 30.183778], [101.917316, 30.183675], [101.917319, 30.183537], [101.917294, 30.183405], [101.917227, 30.183232], [101.917101, 30.183038], [101.917069, 30.182986], [101.916982, 30.182843], [101.916908, 30.182665], [101.916877, 30.182527], [101.916861, 30.182361], [101.916862, 30.182263], [101.916873, 30.181982], [101.916861, 30.181853], [101.916809, 30.181715], [101.916766, 30.18161], [101.916608, 30.181493], [101.916287, 30.181321], [101.916142, 30.1813], [101.915305, 30.181181], [101.914781, 30.181065], [101.913391, 30.180546], [101.913233, 30.180463], [101.912836, 30.180108], [101.911821, 30.179003], [101.911104, 30.178074], [101.91099, 30.177869], [101.910929, 30.177664], [101.910923, 30.177476], [101.910932, 30.177321], [101.91098, 30.177157], [101.911106, 30.176927], [101.911191, 30.176805], [101.91133, 30.176653], [101.911612, 30.176421], [101.911823, 30.176248], [101.911966, 30.176086], [101.912119, 30.175841], [101.912171, 30.175677], [101.912182, 30.175518], [101.912172, 30.173954], [101.912161, 30.173602], [101.912094, 30.173277], [101.911723, 30.171885], [101.911662, 30.171588], [101.911621, 30.171333], [101.911617, 30.171099], [101.911619, 30.170869], [101.911973, 30.168969], [101.912073, 30.168615], [101.912145, 30.168409], [101.912191, 30.16833], [101.912317, 30.168151], [101.912412, 30.168054], [101.913782, 30.166868], [101.9142, 30.166392], [101.914313, 30.166223], [101.914678, 30.165375], [101.914939, 30.164549], [101.91496, 30.164233], [101.914759, 30.163408], [101.914672, 30.162705], [101.91467, 30.162544], [101.91471, 30.162396], [101.914886, 30.162201], [101.915187, 30.162008], [101.915512, 30.161941], [101.916246, 30.161812], [101.916502, 30.161704], [101.916796, 30.161525], [101.917287, 30.161064], [101.917413, 30.160946], [101.918506, 30.159936], [101.919157, 30.159454], [101.919945, 30.158965], [101.920251, 30.15867], [101.920555, 30.158213], [101.920778, 30.157926], [101.92102, 30.157763], [101.9213, 30.157689], [101.923072, 30.15722], [101.924171, 30.156726], [101.9273, 30.156083], [101.929618, 30.155118], [101.929811, 30.154938], [101.930077, 30.154651], [101.931003, 30.153022], [101.931129, 30.1527], [101.931143, 30.15247], [101.931062, 30.15226], [101.930895, 30.152037], [101.930558, 30.151754], [101.930242, 30.151424], [101.929396, 30.149842], [101.929127, 30.149476], [101.928888, 30.148715], [101.928784, 30.148335], [101.928527, 30.147895], [101.926943, 30.146458], [101.926661, 30.145962], [101.926317, 30.1449], [101.926132, 30.144612], [101.925303, 30.143976], [101.924963, 30.143715], [101.924338, 30.143075], [101.924238, 30.142808], [101.924597, 30.141284], [101.924697, 30.141072], [101.924881, 30.140927], [101.925662, 30.140505], [101.925898, 30.140325], [101.925995, 30.140218], [101.926378, 30.139851], [101.926482, 30.139768], [101.92657, 30.139718], [101.926723, 30.139681], [101.926906, 30.139644], [101.927045, 30.139571], [101.92718, 30.139238], [101.927397, 30.138946], [101.92805, 30.138102], [101.928381, 30.138003], [101.929101, 30.137914], [101.929876, 30.13682], [101.930633, 30.135886], [101.930996, 30.135027], [101.931141, 30.13417], [101.931167, 30.133699], [101.931573, 30.132784], [101.931988, 30.132209], [101.932161, 30.13201], [101.932352, 30.131884], [101.932565, 30.131707], [101.932722, 30.13152], [101.933132, 30.130896], [101.93322, 30.130728], [101.93328, 30.13049], [101.933315, 30.130229], [101.933369, 30.129903], [101.933495, 30.129595], [101.933812, 30.129039], [101.934064, 30.12865], [101.934881, 30.127385], [101.934967, 30.127086], [101.934925, 30.125958], [101.934828, 30.125667], [101.934632, 30.12525], [101.934321, 30.124175], [101.934402, 30.123285], [101.934466, 30.12293], [101.934472, 30.122739], [101.934668, 30.121816], [101.935752, 30.119354], [101.936593, 30.118718], [101.936857, 30.118322], [101.93696, 30.117938], [101.936926, 30.117357], [101.936862, 30.117253], [101.936898, 30.116964], [101.937179, 30.116466], [101.937673, 30.116126], [101.937875, 30.115887], [101.937991, 30.115602], [101.938078, 30.114786], [101.938364, 30.113966], [101.938388, 30.113432], [101.938246, 30.112739], [101.937987, 30.112143], [101.937988, 30.11155], [101.938637, 30.110163], [101.938996, 30.109484], [101.939463, 30.108892], [101.939682, 30.108197], [101.93977, 30.108082], [101.9402, 30.107843], [101.94074, 30.107649], [101.942011, 30.107423], [101.942538, 30.107187], [101.942913, 30.106808], [101.943171, 30.106424], [101.943601, 30.105783], [101.943886, 30.105465], [101.944647, 30.104901], [101.944889, 30.104542], [101.944985, 30.104309], [101.945092, 30.103975], [101.945208, 30.103638], [101.945343, 30.103364], [101.945874, 30.10276], [101.946334, 30.102275], [101.94649, 30.101969], [101.946627, 30.10143], [101.946701, 30.101138], [101.946653, 30.100567], [101.946683, 30.100108], [101.946789, 30.099793], [101.946937, 30.099549], [101.947784, 30.098585], [101.947963, 30.098323], [101.948082, 30.098022], [101.948189, 30.097259], [101.948207, 30.09716], [101.94827, 30.095569], [101.948428, 30.09411], [101.948415, 30.093581], [101.948595, 30.092647], [101.948474, 30.091761], [101.948504, 30.091474], [101.948594, 30.091211], [101.949384, 30.089756], [101.949766, 30.08865], [101.949789, 30.088508], [101.950004, 30.088145], [101.950889, 30.087528], [101.950983, 30.087456], [101.951303, 30.087198], [101.95133, 30.087176], [101.951749, 30.08681], [101.95197, 30.086537], [101.952233, 30.086214], [101.952484, 30.085865], [101.952835, 30.085208], [101.95301, 30.084685], [101.953213, 30.084351], [101.953866, 30.083534], [101.95419, 30.082915], [101.95459, 30.082356], [101.954795, 30.082104], [101.95507, 30.081686], [101.9556, 30.081205], [101.956741, 30.078984], [101.956891, 30.078592], [101.956882, 30.078427], [101.956816, 30.077173], [101.956719, 30.0768], [101.956305, 30.076016], [101.956187, 30.074574], [101.956206, 30.07421], [101.956208, 30.074163], [101.956247, 30.073899], [101.956345, 30.07356], [101.956421, 30.073334], [101.956625, 30.072898], [101.956835, 30.072563], [101.956942, 30.072355], [101.957046, 30.07218], [101.957241, 30.071974], [101.957281, 30.071932], [101.957373, 30.071835], [101.95743, 30.071755], [101.95749, 30.071691], [101.95765, 30.071507], [101.957727, 30.071539], [101.957839, 30.071561], [101.95793, 30.071567], [101.958003, 30.071562], [101.958135, 30.071533], [101.958215, 30.071489], [101.958245, 30.071466], [101.958291, 30.071431], [101.95837, 30.071319], [101.958426, 30.071175], [101.958436, 30.071107], [101.958435, 30.071021], [101.958422, 30.070542], [101.958419, 30.070342], [101.95844, 30.070166], [101.958484, 30.070015], [101.958599, 30.069821], [101.958708, 30.069687], [101.95896, 30.069494], [101.959046, 30.069382], [101.959433, 30.068979], [101.959625, 30.068835], [101.959823, 30.06869], [101.960055, 30.068547], [101.960303, 30.068413], [101.960523, 30.068312], [101.980345, 30.059503], [101.980684, 30.059332], [101.980989, 30.059147], [101.981307, 30.058941], [101.981598, 30.058706], [101.981858, 30.058465], [101.982019, 30.058316], [101.982223, 30.058132], [101.982301, 30.05808], [101.982367, 30.058044], [101.982451, 30.058012], [101.982556, 30.057991], [101.982661, 30.057978], [101.982807, 30.057923], [101.982994, 30.057947], [101.983523, 30.058022], [101.983754, 30.058071], [101.984027, 30.058117], [101.984461, 30.058197], [101.985047, 30.058275], [101.985138, 30.058283], [101.985336, 30.058297], [101.985507, 30.058327], [101.985629, 30.058359], [101.985899, 30.05846], [101.986051, 30.058536], [101.986258, 30.058655], [101.986594, 30.058858], [101.986737, 30.058939], [101.986932, 30.059009], [101.987075, 30.059049], [101.987289, 30.059092], [101.987464, 30.059116], [101.987749, 30.059162], [101.988117, 30.059232], [101.988352, 30.059274], [101.988676, 30.059334], [101.988974, 30.059395], [101.989243, 30.059457], [101.989496, 30.059506], [101.989782, 30.059562], [101.990124, 30.059603], [101.990442, 30.059637], [101.990641, 30.059643], [101.990958, 30.059647], [101.991248, 30.05964], [101.991509, 30.059633], [101.991557, 30.059631], [101.991858, 30.059614], [101.992145, 30.059593], [101.992477, 30.059572], [101.99274, 30.059556], [101.993185, 30.059549], [101.993353, 30.059544], [101.993471, 30.05954], [101.993725, 30.059533], [101.993858, 30.05953], [101.994036, 30.059531], [101.994277, 30.059536], [101.994462, 30.05955], [101.994661, 30.059584], [101.994869, 30.059619], [101.995289, 30.059709], [101.995606, 30.059774], [101.995817, 30.059814], [101.996125, 30.059882], [101.996441, 30.059958], [101.996829, 30.060053], [101.997087, 30.060121], [101.997327, 30.060183], [101.99748, 30.06021], [101.997493, 30.060212], [101.997618, 30.060227], [101.997834, 30.060255], [101.998042, 30.060271], [101.998227, 30.060285], [101.998336, 30.060294], [101.998409, 30.0603], [101.998512, 30.060309], [101.998701, 30.060324], [101.998935, 30.060347], [101.999113, 30.060373], [101.999282, 30.060405], [101.99946, 30.060454], [101.999613, 30.060515], [101.999721, 30.060568], [101.999787, 30.060601], [101.999872, 30.060645], [101.99997, 30.0607], [102.000043, 30.060747], [102.000186, 30.060843], [102.000278, 30.060903], [102.000473, 30.061023], [102.000675, 30.061149], [102.000861, 30.061262], [102.000976, 30.061329], [102.001256, 30.061624], [102.001271, 30.061648], [102.001311, 30.06171], [102.001357, 30.061784], [102.001391, 30.061843], [102.001435, 30.061934], [102.001474, 30.062011], [102.001605, 30.062302], [102.001689, 30.062456], [102.001724, 30.0625], [102.001786, 30.062583], [102.001826, 30.062632], [102.001896, 30.062703], [102.001973, 30.062763], [102.002044, 30.062809], [102.002107, 30.062843], [102.002192, 30.062877], [102.002281, 30.0629], [102.002382, 30.062919], [102.002483, 30.062928], [102.002607, 30.062937], [102.002712, 30.062946], [102.002786, 30.062951], [102.002865, 30.062961], [102.002974, 30.062979], [102.003072, 30.063001], [102.003117, 30.063015], [102.003217, 30.063059], [102.003307, 30.063108], [102.003421, 30.063176], [102.003511, 30.063243], [102.00361, 30.063318], [102.003755, 30.063424], [102.003967, 30.063586], [102.004062, 30.06364], [102.004156, 30.063688], [102.004246, 30.063724], [102.004336, 30.063751], [102.004421, 30.063772], [102.00451, 30.063792], [102.00463, 30.063817], [102.004822, 30.06384], [102.004893, 30.063849], [102.005307, 30.063863], [102.005681, 30.063947], [102.005818, 30.064022], [102.00626, 30.064336], [102.007483, 30.065435], [102.007952, 30.066027], [102.008638, 30.06707], [102.009087, 30.067741], [102.009292, 30.068056], [102.009373, 30.068186], [102.009448, 30.068314], [102.009523, 30.068453], [102.009596, 30.068595], [102.009658, 30.06873], [102.009717, 30.068872], [102.009766, 30.069009], [102.009812, 30.069149], [102.009844, 30.069293], [102.009869, 30.069441], [102.009906, 30.06963], [102.009952, 30.069812], [102.010008, 30.069996], [102.010075, 30.070184], [102.010152, 30.070368], [102.010232, 30.070542], [102.01032, 30.070723], [102.010412, 30.070898], [102.010599, 30.071238], [102.010681, 30.071405], [102.010758, 30.071582], [102.010825, 30.071763], [102.010878, 30.071944], [102.010907, 30.072066], [102.010933, 30.072192], [102.010958, 30.072298], [102.010995, 30.072411], [102.011041, 30.072517], [102.011097, 30.072617], [102.011164, 30.072721], [102.011236, 30.072812], [102.011323, 30.0729], [102.011414, 30.072975], [102.011508, 30.073046], [102.012217, 30.073448], [102.012313, 30.073511], [102.012414, 30.073592], [102.0125, 30.073675], [102.012619, 30.07385], [102.012712, 30.074051], [102.01278, 30.074306], [102.012956, 30.075121], [102.013204, 30.075782], [102.013374, 30.076136], [102.013554, 30.076468], [102.013732, 30.076734], [102.01398, 30.077029], [102.014201, 30.077252], [102.014511, 30.077528], [102.014813, 30.077793], [102.015123, 30.07804], [102.01545, 30.078259], [102.01583, 30.078477], [102.016633, 30.07891], [102.017105, 30.07913], [102.017595, 30.07933], [102.018057, 30.079487], [102.019752, 30.080017], [102.022261, 30.08081], [102.023426, 30.081213], [102.024934, 30.081934], [102.027265, 30.083061], [102.029703, 30.083983], [102.031753, 30.08452], [102.033943, 30.084902], [102.035927, 30.08509], [102.038007, 30.085158], [102.039729, 30.085084], [102.042, 30.084816], [102.044017, 30.084288], [102.045695, 30.083641], [102.047648, 30.082588], [102.049689, 30.081605], [102.051396, 30.080922], [102.055521, 30.079621], [102.056069, 30.079454], [102.057386, 30.079026], [102.059107, 30.078242], [102.060406, 30.077354], [102.061627, 30.076344], [102.064359, 30.073689], [102.065156, 30.073064], [102.066004, 30.072583], [102.066649, 30.072271], [102.067308, 30.072015], [102.067986, 30.071787], [102.068551, 30.0716], [102.069092, 30.071458], [102.069889, 30.071326], [102.070694, 30.071216], [102.071754, 30.071093], [102.072849, 30.071013], [102.080756, 30.070484], [102.081373, 30.070422], [102.082576, 30.07022], [102.083638, 30.069956], [102.084614, 30.069634], [102.085625, 30.069207], [102.086069, 30.068994], [102.086497, 30.068767], [102.086965, 30.0685], [102.087401, 30.06822], [102.088589, 30.067345], [102.089289, 30.066694], [102.090176, 30.065697], [102.090951, 30.064619], [102.093472, 30.060829], [102.094144, 30.05994], [102.094888, 30.059135], [102.095653, 30.058386], [102.096131, 30.057968], [102.096663, 30.057576], [102.097245, 30.057179], [102.097942, 30.056774], [102.098755, 30.056333], [102.099685, 30.055918], [102.100699, 30.055559], [102.101605, 30.055321], [102.102611, 30.055144], [102.103529, 30.055116], [102.104532, 30.05518], [102.105465, 30.05534], [102.115276, 30.057615], [102.116131, 30.057822], [102.12902, 30.061021], [102.129679, 30.061183], [102.132271, 30.061775], [102.133258, 30.061954], [102.134085, 30.062009], [102.134811, 30.062006], [102.135429, 30.061933], [102.135977, 30.061854], [102.136806, 30.061639], [102.13749, 30.061429], [102.13813, 30.061157], [102.138904, 30.060759], [102.139702, 30.060228], [102.140258, 30.059775], [102.140802, 30.059255], [102.141306, 30.058631], [102.141702, 30.058065], [102.142008, 30.057535], [102.142297, 30.056853], [102.142498, 30.056251], [102.142677, 30.05543], [102.142722, 30.054502], [102.142672, 30.053671], [102.142544, 30.053009], [102.142314, 30.052192], [102.141664, 30.050769], [102.136579, 30.039361], [102.135945, 30.037792], [102.135741, 30.03713], [102.135636, 30.036419], [102.135585, 30.035859], [102.135593, 30.035077], [102.135693, 30.034433], [102.135843, 30.033806], [102.136077, 30.03311], [102.136501, 30.032222], [102.136848, 30.031661], [102.137382, 30.030964], [102.137881, 30.030449], [102.138426, 30.029973], [102.139202, 30.029445], [102.139511, 30.029285], [102.139819, 30.029156], [102.140783, 30.028776], [102.141801, 30.02846], [102.142982, 30.028247], [102.143714, 30.028178], [102.144565, 30.02817], [102.14546, 30.028256], [102.146228, 30.028384], [102.147097, 30.028586], [102.1479, 30.028885], [102.148704, 30.029299], [102.153325, 30.03196], [102.154206, 30.032393], [102.155333, 30.032848], [102.156719, 30.033124], [102.157452, 30.03317], [102.158387, 30.03318], [102.159415, 30.03307], [102.160342, 30.032846], [102.161194, 30.032574], [102.161578, 30.032409], [102.162034, 30.032185], [102.162535, 30.031933], [102.162959, 30.031652], [102.16356, 30.031187], [102.164102, 30.030708], [102.164578, 30.030198], [102.165122, 30.029476], [102.165482, 30.028781], [102.16564, 30.028407], [102.1659, 30.027687], [102.166193, 30.026252], [102.167205, 30.020683], [102.167514, 30.018987], [102.167576, 30.017979], [102.167519, 30.017379], [102.167344, 30.016573], [102.167212, 30.016086], [102.166917, 30.01547], [102.166455, 30.014704], [102.165549, 30.013295], [102.165163, 30.012676], [102.164859, 30.011999], [102.164561, 30.011229], [102.164308, 30.01036], [102.164111, 30.009521], [102.163975, 30.008539], [102.163932, 30.007541], [102.164051, 30.006548], [102.16427, 30.005555], [102.168136, 29.994011], [102.168549, 29.992862], [102.168938, 29.991973], [102.169282, 29.991393], [102.169758, 29.990724], [102.170564, 29.989881], [102.171267, 29.989288], [102.17202, 29.988811], [102.172761, 29.988431], [102.173593, 29.988086], [102.174554, 29.987777], [102.175611, 29.987605], [102.176457, 29.987533], [102.17724, 29.987535], [102.178312, 29.987646], [102.17941, 29.987874], [102.179713, 29.987976], [102.181194, 29.988529], [102.182709, 29.989149], [102.1841, 29.98974], [102.18541, 29.990274], [102.186595, 29.990777], [102.189181, 29.991824], [102.189858, 29.99206], [102.190534, 29.992217], [102.191183, 29.992337], [102.191772, 29.992388], [102.192954, 29.99238], [102.194023, 29.992241], [102.194981, 29.992011], [102.195905, 29.991683], [102.197169, 29.991028], [102.19813, 29.990312], [102.198613, 29.989855], [102.199306, 29.989015], [102.199756, 29.988306], [102.200151, 29.987573], [102.202542, 29.982815], [102.203175, 29.98141], [102.203585, 29.980329], [102.203839, 29.979403], [102.20418, 29.978088], [102.204363, 29.977302], [102.204488, 29.976596], [102.20457, 29.97595], [102.204706, 29.974896], [102.204857, 29.973067], [102.204919, 29.972483], [102.205036, 29.971899], [102.205117, 29.971604], [102.20524, 29.971295], [102.205407, 29.970874], [102.205625, 29.97043], [102.205936, 29.969934], [102.206231, 29.969571], [102.206754, 29.968983], [102.207132, 29.968637], [102.207627, 29.968224], [102.207979, 29.968019], [102.208583, 29.967671], [102.209003, 29.967492], [102.209442, 29.967339], [102.220124, 29.963687], [102.220435, 29.963582], [102.220672, 29.963496], [102.220915, 29.963392], [102.221067, 29.963322], [102.221764, 29.962941], [102.222682, 29.962341], [102.223498, 29.961883], [102.22441, 29.961433], [102.225497, 29.961023], [102.226618, 29.960717], [102.22745, 29.960528], [102.227735, 29.960461], [102.228053, 29.960395], [102.228362, 29.96031], [102.2286, 29.960236], [102.228906, 29.960129], [102.2292, 29.960018], [102.229459, 29.959906], [102.22983, 29.959733], [102.230106, 29.959594], [102.230434, 29.959408], [102.230801, 29.959197], [102.231246, 29.958933], [102.231462, 29.958804], [102.231838, 29.958574], [102.2323, 29.958295], [102.232765, 29.958013], [102.233059, 29.95782], [102.233426, 29.957578], [102.233697, 29.957397], [102.233993, 29.957179], [102.234239, 29.95699], [102.234528, 29.956752], [102.234759, 29.956543], [102.235056, 29.956266], [102.235252, 29.956075], [102.235336, 29.955982], [102.235452, 29.955853], [102.23564, 29.955619], [102.235835, 29.955368], [102.236045, 29.955076], [102.236143, 29.954926], [102.236202, 29.954836], [102.236284, 29.954692], [102.236365, 29.954549], [102.236684, 29.953945], [102.236871, 29.953617], [102.237025, 29.953346], [102.237142, 29.953162], [102.237193, 29.95308], [102.237245, 29.952998], [102.237354, 29.952821], [102.237403, 29.952754], [102.23768, 29.952322], [102.238107, 29.951669], [102.238473, 29.951158], [102.238712, 29.950847], [102.238941, 29.950573], [102.239064, 29.950427], [102.239862, 29.949558], [102.240685, 29.948829], [102.241719, 29.948108], [102.242771, 29.947507], [102.243716, 29.947056], [102.244697, 29.946638], [102.2457, 29.946299], [102.247323, 29.945887], [102.248409, 29.945727], [102.249745, 29.945583], [102.251317, 29.945573], [102.252867, 29.945694], [102.254219, 29.945806], [102.270012, 29.947758], [102.276031, 29.948474], [102.281127, 29.949041], [102.286234, 29.949413], [102.289002, 29.949496], [102.291716, 29.949497], [102.330976, 29.9476], [102.33471, 29.947492], [102.337145, 29.947517], [102.33962, 29.947595], [102.34179, 29.947749], [102.343314, 29.947907], [102.372275, 29.951291], [102.372633, 29.951323], [102.373024, 29.951345], [102.373357, 29.951352], [102.373667, 29.95135], [102.373976, 29.951339], [102.374249, 29.95132], [102.37456, 29.951292], [102.374869, 29.951254], [102.375155, 29.951211], [102.37546, 29.951156], [102.375745, 29.951097], [102.376023, 29.951031], [102.376214, 29.950979], [102.376383, 29.950933], [102.376578, 29.950873], [102.376872, 29.950776], [102.377143, 29.950678], [102.377422, 29.950567], [102.377725, 29.950435], [102.378005, 29.950303], [102.378335, 29.950132], [102.378627, 29.949967], [102.378912, 29.949792], [102.37918, 29.949615], [102.379442, 29.949429], [102.379765, 29.949178], [102.380066, 29.948921], [102.38029, 29.948715], [102.380426, 29.948581], [102.380566, 29.948442], [102.381065, 29.947962], [102.38128, 29.947768], [102.381643, 29.947471], [102.381969, 29.947221], [102.38228, 29.947006], [102.382628, 29.94679], [102.382881, 29.94665], [102.38313, 29.94652], [102.383263, 29.946459], [102.383499, 29.946359], [102.383733, 29.946266], [102.383958, 29.946183], [102.384211, 29.946104], [102.384493, 29.946025], [102.384799, 29.945951], [102.385122, 29.94589], [102.385362, 29.945856], [102.38562, 29.945819], [102.388592, 29.945424], [102.389841, 29.945259], [102.39092, 29.945116], [102.39136, 29.945076], [102.391844, 29.945068], [102.392257, 29.945095], [102.392641, 29.945141], [102.393178, 29.945236], [102.393533, 29.945325], [102.396135, 29.946081], [102.396556, 29.946204], [102.399362, 29.947019], [102.400236, 29.947301], [102.401009, 29.947615], [102.401758, 29.947983], [102.402429, 29.948385], [102.403002, 29.948793], [102.403627, 29.949325], [102.406137, 29.951698], [102.407221, 29.952563], [102.408206, 29.953196], [102.409053, 29.953646], [102.409915, 29.954048], [102.410979, 29.954426], [102.412046, 29.954718], [102.412931, 29.954911], [102.415098, 29.955305], [102.416148, 29.955528], [102.417062, 29.955789], [102.418051, 29.95612], [102.41877, 29.956396], [102.419422, 29.956694], [102.420226, 29.957113], [102.42098, 29.957563], [102.421647, 29.958034], [102.422397, 29.95866], [102.426654, 29.962723], [102.426932, 29.962961], [102.427915, 29.96375], [102.429446, 29.964836], [102.430917, 29.965739], [102.43198, 29.966364], [102.433526, 29.96725], [102.436394, 29.968929], [102.436968, 29.969287], [102.437518, 29.969666], [102.437989, 29.970062], [102.438415, 29.970462], [102.438978, 29.970993], [102.441225, 29.973275], [102.441468, 29.973522], [102.44357, 29.975657], [102.443859, 29.975948], [102.444179, 29.976258], [102.444492, 29.976549], [102.444782, 29.97681], [102.445098, 29.977084], [102.445419, 29.977352], [102.44575, 29.977619], [102.44609, 29.977883], [102.446487, 29.978173], [102.446911, 29.978473], [102.447445, 29.978843], [102.447836, 29.979094], [102.448107, 29.979263], [102.448441, 29.979464], [102.448699, 29.979614], [102.449004, 29.979787], [102.449274, 29.979935], [102.449564, 29.980089], [102.449832, 29.980228], [102.450234, 29.980428], [102.450568, 29.980587], [102.450874, 29.980728], [102.451249, 29.980895], [102.451636, 29.981059], [102.452041, 29.981223], [102.45248, 29.981393], [102.452943, 29.981562], [102.453388, 29.981714], [102.453847, 29.981864], [102.454276, 29.981995], [102.457333, 29.982952], [102.458043, 29.98318], [102.458661, 29.983393], [102.459407, 29.983672], [102.460299, 29.984033], [102.461081, 29.984379], [102.461856, 29.984748], [102.46269, 29.985178], [102.463482, 29.985617], [102.464218, 29.986056], [102.464944, 29.98652], [102.465582, 29.986953], [102.466195, 29.987395], [102.466808, 29.987864], [102.467399, 29.988342], [102.467951, 29.988815], [102.468441, 29.989258], [102.468936, 29.98973], [102.469418, 29.990213], [102.46989, 29.990713], [102.470358, 29.991235], [102.470754, 29.991703], [102.471151, 29.992197], [102.47147, 29.992613], [102.471865, 29.993155], [102.474389, 29.996693], [102.474565, 29.996927], [102.474758, 29.997168], [102.474951, 29.997394], [102.475156, 29.99762], [102.475368, 29.99784], [102.475556, 29.998024], [102.475769, 29.998221], [102.475971, 29.998395], [102.476169, 29.99856], [102.476383, 29.998729], [102.476595, 29.998887], [102.47678, 29.999019], [102.476947, 29.999133], [102.477136, 29.999256], [102.477345, 29.999386], [102.477532, 29.999498], [102.477757, 29.999625], [102.47797, 29.999738], [102.478187, 29.999849], [102.478372, 29.999939], [102.478585, 30.000037], [102.478792, 30.000127], [102.479001, 30.000214], [102.479213, 30.000297], [102.479423, 30.000374], [102.479687, 30.000465], [102.47997, 30.000555], [102.480252, 30.000638], [102.480549, 30.000716], [102.48079, 30.000775], [102.482347, 30.001115], [102.483097, 30.001275], [102.48347, 30.001367], [102.483877, 30.001495], [102.484172, 30.001601], [102.485469, 30.002067], [102.486106, 30.002298], [102.486597, 30.002476], [102.487032, 30.002618], [102.487519, 30.002756], [102.487932, 30.002846], [102.488377, 30.00293], [102.488854, 30.002999], [102.489388, 30.003051], [102.489873, 30.003079], [102.490563, 30.003114], [102.491253, 30.00315], [102.491606, 30.00318], [102.492031, 30.003244], [102.492423, 30.003301], [102.492844, 30.003382], [102.493109, 30.003436], [102.493397, 30.003502], [102.494004, 30.003681], [102.494521, 30.003835], [102.495047, 30.003988], [102.49547, 30.004077], [102.495864, 30.004146], [102.496067, 30.004166], [102.496308, 30.004189], [102.496794, 30.004196], [102.497265, 30.004176], [102.497806, 30.004119], [102.498194, 30.004056], [102.499169, 30.003866], [102.499397, 30.00383], [102.49964, 30.003798], [102.499879, 30.003772], [102.50009, 30.003755], [102.500343, 30.00374], [102.500542, 30.003734], [102.500792, 30.003731], [102.501019, 30.003734], [102.501237, 30.003741], [102.502417, 30.003795], [102.504344, 30.003884], [102.505516, 30.003938], [102.505743, 30.003953], [102.505993, 30.003975], [102.50622, 30.004002], [102.50644, 30.004032], [102.506643, 30.004065], [102.506856, 30.004105], [102.507045, 30.004144], [102.507242, 30.00419], [102.50742, 30.004235], [102.507625, 30.004291], [102.507817, 30.004348], [102.508015, 30.004412], [102.508198, 30.004476], [102.508368, 30.004539], [102.508553, 30.004613], [102.508759, 30.0047], [102.508947, 30.004785], [102.509137, 30.004877], [102.509343, 30.004982], [102.509526, 30.005082], [102.5097, 30.005183], [102.509866, 30.005283], [102.510076, 30.005419], [102.510246, 30.005536], [102.510424, 30.005665], [102.510593, 30.005794], [102.51076, 30.00593], [102.510937, 30.006082], [102.511163, 30.00629], [102.511378, 30.006504], [102.511887, 30.007033], [102.512093, 30.007223], [102.512323, 30.007421], [102.512697, 30.007706], [102.513067, 30.007944], [102.513432, 30.00814], [102.513966, 30.008363], [102.514462, 30.00852], [102.51487, 30.008618], [102.515333, 30.008707], [102.515674, 30.008753], [102.516004, 30.008779], [102.516265, 30.008794], [102.516528, 30.008791], [102.516795, 30.008777], [102.51705, 30.00875], [102.518265, 30.008574], [102.518879, 30.008494], [102.519395, 30.008469], [102.519913, 30.008465], [102.520431, 30.008515], [102.520776, 30.008575], [102.521293, 30.008685], [102.522129, 30.008879], [102.525455, 30.009675], [102.526039, 30.009845], [102.526716, 30.01008], [102.527083, 30.010233], [102.527663, 30.010507], [102.528657, 30.010997], [102.529223, 30.011242], [102.529803, 30.011434], [102.530269, 30.011551], [102.530735, 30.01165], [102.531217, 30.01171], [102.531671, 30.011752], [102.531731, 30.011758], [102.532179, 30.011778], [102.532233, 30.01178], [102.532621, 30.011778], [102.532907, 30.01176], [102.53317, 30.011741], [102.533658, 30.011675], [102.534178, 30.011589], [102.535458, 30.011353], [102.536088, 30.011258], [102.536547, 30.011202], [102.536911, 30.011167], [102.537489, 30.011126], [102.537748, 30.011121], [102.538103, 30.011117], [102.539191, 30.01114], [102.539888, 30.011193], [102.54068, 30.01128], [102.54155, 30.011437], [102.542207, 30.011596], [102.542787, 30.011748], [102.543478, 30.011978], [102.544246, 30.012267], [102.545421, 30.01279], [102.546037, 30.013127], [102.550748, 30.015954], [102.551437, 30.016359], [102.552031, 30.016677], [102.552648, 30.016965], [102.553401, 30.017266], [102.554893, 30.017728], [102.555444, 30.017923], [102.555777, 30.018062], [102.556066, 30.018205], [102.556337, 30.018376], [102.55671, 30.018634], [102.55704, 30.018895], [102.557397, 30.01922], [102.557581, 30.019433], [102.557777, 30.019659], [102.558059, 30.020024], [102.558331, 30.020395], [102.559871, 30.022727], [102.560382, 30.023514], [102.560567, 30.023765], [102.561652, 30.025278], [102.561939, 30.025656], [102.56225, 30.026032], [102.562476, 30.026272], [102.562903, 30.026673], [102.565378, 30.028752], [102.567839, 30.0308], [102.568219, 30.031128], [102.568555, 30.031433], [102.568845, 30.031738], [102.56916, 30.032134], [102.569742, 30.03294], [102.570077, 30.033384], [102.570352, 30.033717], [102.570679, 30.034058], [102.57103, 30.03435], [102.571367, 30.034601], [102.571893, 30.034957], [102.572377, 30.035239], [102.572928, 30.035529], [102.574392, 30.036251], [102.575009, 30.036564], [102.575527, 30.036857], [102.576013, 30.037161], [102.57714, 30.037967], [102.577362, 30.038099], [102.577597, 30.038224], [102.577816, 30.038322], [102.578091, 30.038432], [102.578467, 30.038563], [102.578838, 30.038663], [102.57929, 30.038753], [102.57978, 30.038811], [102.580374, 30.038842], [102.586216, 30.038827], [102.586767, 30.038851], [102.587311, 30.038891], [102.587903, 30.038958], [102.589909, 30.039349], [102.592792, 30.039911], [102.593033, 30.03994], [102.593632, 30.040011], [102.594383, 30.040045], [102.594932, 30.040018], [102.595406, 30.039978], [102.595875, 30.03992], [102.596397, 30.039828], [102.597363, 30.039613], [102.598215, 30.03935], [102.599102, 30.038995], [102.634892, 30.021969], [102.636481, 30.021396], [102.637634, 30.021145], [102.6387, 30.021018], [102.641597, 30.020771], [102.644118, 30.020554], [102.644939, 30.02051], [102.645586, 30.020522], [102.646331, 30.020587], [102.647706, 30.020726], [102.648272, 30.020772], [102.64889, 30.020768], [102.649915, 30.02067], [102.650783, 30.020519], [102.656385, 30.019294], [102.657418, 30.019064], [102.658359, 30.018899], [102.65912, 30.018829], [102.659907, 30.018792], [102.660716, 30.018816], [102.661451, 30.018887], [102.662199, 30.018985], [102.662784, 30.0191], [102.663323, 30.019267], [102.663836, 30.019441], [102.664482, 30.019743], [102.665041, 30.020084], [102.66557, 30.020487], [102.666032, 30.020943], [102.666384, 30.021378], [102.666679, 30.021823], [102.666893, 30.022229], [102.667954, 30.024578], [102.668311, 30.025244], [102.668514, 30.025573], [102.668704, 30.025825], [102.668989, 30.026148], [102.669338, 30.026463], [102.669655, 30.0267], [102.670003, 30.026918], [102.670446, 30.027126], [102.670988, 30.02735], [102.67154, 30.027515], [102.672151, 30.027641], [102.672736, 30.027698], [102.673234, 30.027719], [102.67377, 30.027708], [102.674252, 30.027653], [102.690839, 30.025105], [102.691893, 30.024958], [102.692971, 30.024846], [102.693984, 30.024818], [102.695026, 30.024902], [102.697495, 30.025233], [102.703885, 30.026327], [102.705181, 30.026537], [102.705612, 30.026589], [102.706002, 30.026612], [102.706387, 30.026618], [102.706945, 30.026599], [102.707444, 30.026548], [102.708837, 30.02632], [102.709867, 30.026147], [102.712084, 30.025806], [102.712925, 30.025706], [102.713124, 30.025684], [102.713314, 30.025674], [102.713557, 30.025675], [102.71377, 30.025686], [102.714028, 30.025714], [102.714303, 30.025753], [102.714573, 30.025807], [102.714976, 30.025902], [102.715428, 30.026035], [102.71644, 30.026337], [102.716839, 30.026436], [102.717216, 30.026506], [102.717564, 30.026564], [102.717816, 30.026596], [102.718045, 30.026615], [102.718301, 30.026626], [102.718561, 30.026616], [102.718809, 30.026602], [102.719134, 30.026572], [102.71934, 30.02655], [102.719596, 30.026531], [102.719804, 30.026523], [102.720875, 30.026523], [102.721271, 30.026561], [102.721546, 30.026613], [102.721891, 30.026702], [102.722233, 30.02682], [102.722485, 30.026923], [102.722769, 30.027065], [102.723019, 30.027203], [102.723288, 30.027384], [102.724514, 30.028366], [102.724874, 30.028613], [102.725254, 30.028854], [102.725735, 30.029127], [102.726073, 30.029302], [102.72646, 30.029487], [102.726849, 30.029636], [102.727259, 30.02976], [102.727655, 30.029853], [102.729406, 30.030226], [102.732456, 30.030847], [102.73297, 30.030952], [102.734009, 30.031273], [102.734614, 30.031523], [102.734896, 30.031655], [102.735151, 30.031785], [102.735583, 30.032057], [102.736026, 30.032354], [102.736441, 30.032681], [102.736761, 30.032997], [102.737133, 30.033406], [102.737415, 30.033743], [102.737646, 30.034056], [102.737894, 30.034416], [102.73813, 30.034806], [102.738497, 30.035391], [102.74511, 30.045935], [102.745235, 30.046128], [102.745373, 30.046314], [102.745581, 30.046586], [102.745734, 30.046773], [102.7459, 30.046971], [102.746063, 30.047148], [102.746239, 30.047327], [102.746414, 30.047488], [102.746657, 30.047697], [102.746868, 30.047864], [102.747101, 30.048045], [102.747393, 30.048255], [102.747589, 30.048394], [102.747906, 30.048598], [102.748118, 30.04873], [102.748401, 30.048894], [102.748879, 30.049147], [102.749218, 30.049321], [102.749566, 30.049489], [102.749763, 30.049572], [102.750079, 30.049696], [102.750594, 30.049899], [102.751157, 30.050099], [102.751655, 30.05025], [102.752027, 30.050346], [102.754211, 30.050815], [102.755384, 30.051072], [102.75682, 30.051403], [102.757267, 30.051471], [102.757755, 30.051523], [102.75827, 30.051543], [102.758671, 30.05152], [102.75918, 30.051448], [102.759546, 30.05137], [102.759961, 30.051253], [102.760341, 30.051115], [102.760651, 30.050982], [102.760981, 30.050817], [102.761341, 30.050615], [102.761621, 30.050419], [102.761895, 30.050221], [102.762335, 30.049882], [102.762962, 30.049393], [102.763475, 30.049027], [102.763682, 30.048886], [102.764067, 30.048662], [102.76437, 30.048505], [102.764737, 30.048318], [102.765306, 30.048088], [102.765834, 30.047919], [102.767815, 30.047452], [102.768423, 30.047302], [102.768964, 30.047133], [102.769443, 30.046969], [102.769933, 30.04674], [102.770305, 30.046533], [102.781212, 30.040164], [102.783257, 30.039085], [102.785019, 30.038308], [102.786865, 30.037642], [102.788244, 30.037269], [102.789724, 30.036931], [102.791535, 30.036555], [102.793079, 30.036227], [102.794209, 30.035956], [102.794763, 30.035769], [102.795311, 30.035548], [102.79582, 30.035305], [102.796295, 30.035017], [102.79682, 30.03461], [102.797706, 30.03371], [102.799391, 30.031998], [102.804861, 30.026438], [102.805242, 30.02602], [102.805518, 30.025698], [102.805832, 30.025289], [102.806144, 30.024843], [102.80632, 30.024533], [102.806402, 30.024391], [102.806544, 30.024061], [102.806983, 30.022786], [102.807146, 30.022396], [102.807312, 30.022079], [102.807556, 30.021667], [102.80778, 30.021333], [102.808406, 30.020442], [102.808642, 30.020083], [102.808788, 30.019826], [102.808963, 30.019477], [102.809105, 30.019129], [102.809296, 30.018636], [102.80936, 30.018482], [102.809487, 30.018172], [102.809662, 30.017777], [102.809817, 30.017492], [102.809991, 30.017193], [102.810231, 30.016816], [102.810406, 30.016545], [102.810589, 30.016299], [102.810638, 30.016242], [102.810825, 30.016028], [102.810881, 30.015969], [102.811118, 30.015718], [102.811188, 30.015651], [102.811398, 30.015454], [102.811674, 30.015246], [102.812, 30.015028], [102.812254, 30.014874], [102.812447, 30.014757], [102.812821, 30.014549], [102.813232, 30.014345], [102.813602, 30.01419], [102.814711, 30.01379], [102.814859, 30.013734], [102.815984, 30.013307], [102.816435, 30.013131], [102.816838, 30.012962], [102.817244, 30.012793], [102.817578, 30.012652], [102.817878, 30.012507], [102.818244, 30.012314], [102.819066, 30.011895], [102.82033, 30.01124], [102.821533, 30.010622], [102.822124, 30.010331], [102.822738, 30.010038], [102.823236, 30.009833], [102.823743, 30.009616], [102.824325, 30.009429], [102.824626, 30.009347], [102.824984, 30.009265], [102.825929, 30.009057], [102.826898, 30.00884], [102.827238, 30.008763], [102.827683, 30.00865], [102.828052, 30.008538], [102.828478, 30.008381], [102.82889, 30.008226], [102.829707, 30.00784], [102.830102, 30.007675], [102.83048, 30.007499], [102.830749, 30.007418], [102.831012, 30.007346], [102.831375, 30.007272], [102.831652, 30.007216], [102.832026, 30.007182], [102.83254, 30.007156], [102.833339, 30.007112], [102.834047, 30.007082], [102.834408, 30.007053], [102.834688, 30.007015], [102.835033, 30.006962], [102.835431, 30.006879], [102.835805, 30.006802], [102.836121, 30.006722], [102.836406, 30.006627], [102.836719, 30.006495], [102.837039, 30.006343], [102.837384, 30.006159], [102.837732, 30.005956], [102.838031, 30.005759], [102.838321, 30.005529], [102.838623, 30.005268], [102.839294, 30.004667], [102.8398, 30.004182], [102.84069, 30.003283], [102.841651, 30.002343], [102.842716, 30.001303], [102.843053, 30.001019], [102.843525, 30.000657], [102.84405, 30.00027], [102.844343, 30.00007], [102.845024, 29.999615], [102.845392, 29.999386], [102.846689, 29.998813], [102.847638, 29.998459], [102.848388, 29.99815], [102.848783, 29.998025], [102.849381, 29.997885], [102.849823, 29.997838], [102.850256, 29.997817], [102.850766, 29.997814], [102.851477, 29.99787], [102.851834, 29.997917], [102.852224, 29.998007], [102.852553, 29.9981], [102.852897, 29.998227], [102.853263, 29.998391], [102.853668, 29.998604], [102.8543, 29.998972], [102.854652, 29.99918], [102.854968, 29.999364], [102.855255, 29.999519], [102.85551, 29.999648], [102.855662, 29.999722], [102.855834, 29.999783], [102.855999, 29.999849], [102.85624, 29.99991], [102.856406, 29.999951], [102.856545, 29.99999], [102.856746, 30.000025], [102.857325, 30.000094], [102.858029, 30.000163], [102.858612, 30.000212], [102.86028, 30.000362], [102.86109, 30.000467], [102.862592, 30.000603], [102.863333, 30.000634], [102.863646, 30.000636], [102.864028, 30.000615], [102.866514, 30.00057], [102.86963, 30.000483], [102.870687, 30.000454], [102.871432, 30.000431], [102.872206, 30.000438], [102.872748, 30.00044], [102.872923, 30.000438], [102.873263, 30.000449], [102.873553, 30.000467], [102.873906, 30.000495], [102.874318, 30.000561], [102.874669, 30.000629], [102.874934, 30.000689], [102.8753, 30.00079], [102.876151, 30.001077], [102.876304, 30.001147], [102.876524, 30.001263], [102.876723, 30.001375], [102.876858, 30.001451], [102.876968, 30.001512], [102.876984, 30.001521], [102.877423, 30.001782], [102.877552, 30.001874], [102.877676, 30.001947], [102.877857, 30.00205], [102.878011, 30.002131], [102.878116, 30.00218], [102.878252, 30.002228], [102.878404, 30.002268], [102.878508, 30.002289], [102.878606, 30.002285], [102.878696, 30.002263], [102.878756, 30.002246], [102.878838, 30.002211], [102.878881, 30.002186], [102.878949, 30.002135], [102.87899, 30.002082], [102.879032, 30.002013], [102.879062, 30.001953], [102.879083, 30.001874], [102.879083, 30.001781], [102.879043, 30.00168], [102.878988, 30.001598], [102.878942, 30.00155], [102.878885, 30.001484], [102.878792, 30.00142], [102.878694, 30.001379], [102.878606, 30.001344], [102.878504, 30.001323], [102.878405, 30.001303], [102.878337, 30.001299], [102.878237, 30.001302], [102.878159, 30.001305], [102.878071, 30.001322], [102.877991, 30.00135], [102.877904, 30.001374], [102.877794, 30.001422], [102.877699, 30.001471], [102.877575, 30.001545], [102.87746, 30.001612], [102.877374, 30.001673], [102.877284, 30.001755], [102.877197, 30.001847], [102.877099, 30.001961], [102.877061, 30.002011], [102.877003, 30.002081], [102.876938, 30.002187], [102.87688, 30.0023], [102.876849, 30.0024], [102.876822, 30.002499], [102.876815, 30.002573], [102.876817, 30.002666], [102.876834, 30.002787], [102.876874, 30.002919], [102.876923, 30.00302], [102.876989, 30.003114], [102.877056, 30.003205], [102.877119, 30.003264], [102.8772, 30.003325], [102.877296, 30.003397], [102.87737, 30.003435], [102.877683, 30.003558], [102.877887, 30.003611], [102.87867, 30.003741], [102.879211, 30.003858], [102.879694, 30.003963], [102.880219, 30.004103], [102.880612, 30.004213], [102.880683, 30.004241], [102.880774, 30.004275], [102.880847, 30.004308], [102.880932, 30.004364], [102.880999, 30.004417], [102.881066, 30.004496], [102.881113, 30.004563], [102.881159, 30.004637], [102.881193, 30.004714], [102.881215, 30.004797], [102.881226, 30.004888], [102.881226, 30.004996], [102.881215, 30.005136], [102.881191, 30.005242], [102.881138, 30.005525], [102.880528, 30.007979], [102.880322, 30.009174], [102.880416, 30.010246], [102.880418, 30.010277], [102.880566, 30.01222], [102.880673, 30.014072], [102.880585, 30.014624], [102.880463, 30.014933], [102.880269, 30.015207], [102.880071, 30.01549], [102.879917, 30.015661], [102.879718, 30.015881], [102.879963, 30.016151], [102.880378, 30.016606], [102.880745, 30.017116], [102.880953, 30.017697], [102.881039, 30.018072], [102.881364, 30.019491], [102.881524, 30.020152], [102.881815, 30.020764], [102.884722, 30.024548], [102.884928, 30.024848], [102.885107, 30.024966], [102.885179, 30.025013], [102.885324, 30.025064], [102.885465, 30.025113], [102.885751, 30.025147], [102.886626, 30.025193], [102.886694, 30.025201], [102.887033, 30.025244], [102.887411, 30.025302], [102.887987, 30.025391], [102.888591, 30.025542], [102.889431, 30.025878], [102.891151, 30.026576], [102.891984, 30.026917], [102.892841, 30.027245], [102.893166, 30.027349], [102.893377, 30.027406], [102.893731, 30.027494], [102.894527, 30.027698], [102.895358, 30.027893], [102.896066, 30.027948], [102.896656, 30.027934], [102.897391, 30.027873], [102.898133, 30.027733], [102.898886, 30.027514], [102.899656, 30.027228], [102.900592, 30.026798], [102.90135, 30.026335], [102.902144, 30.025724], [102.902842, 30.025036], [102.906331, 30.019849], [102.906597, 30.019519], [102.906739, 30.019347], [102.90703, 30.019065], [102.90774, 30.018599], [102.909231, 30.017772], [102.909597, 30.017589], [102.910054, 30.017421], [102.911426, 30.017039], [102.913215, 30.016355], [102.913602, 30.016202], [102.913969, 30.016012], [102.914282, 30.01579], [102.914452, 30.015658], [102.914737, 30.015435], [102.915094, 30.01517], [102.915764, 30.014833], [102.916644, 30.014455], [102.918093, 30.013571], [102.918771, 30.013157], [102.91916, 30.012879], [102.919593, 30.012465], [102.92077, 30.010889], [102.921315, 30.010295], [102.922764, 30.008879], [102.923207, 30.008235], [102.923618, 30.007595], [102.924319, 30.006797], [102.924848, 30.006098], [102.924993, 30.005861], [102.925545, 30.004998], [102.925724, 30.004754], [102.925893, 30.004594], [102.926278, 30.004372], [102.926768, 30.004013], [102.927211, 30.003596], [102.928309, 30.002515], [102.928979, 30.001856], [102.929775, 30.000986], [102.930658, 30.000037], [102.931262, 29.999387], [102.931757, 29.998724], [102.932128, 29.997952], [102.93248, 29.997299], [102.93282, 29.996541], [102.932998, 29.996161], [102.933274, 29.995783], [102.934573, 29.994414], [102.934892, 29.994073], [102.935118, 29.993685], [102.935329, 29.99333], [102.935494, 29.993149], [102.935641, 29.99302], [102.935786, 29.992921], [102.93612, 29.992821], [102.936574, 29.992725], [102.936891, 29.992705], [102.937178, 29.992667], [102.937457, 29.992603], [102.937708, 29.992501], [102.938032, 29.992311], [102.938283, 29.992126], [102.939007, 29.991478], [102.940209, 29.990514], [102.940649, 29.990162], [102.940908, 29.99], [102.941045, 29.989934], [102.941187, 29.989866], [102.941536, 29.989728], [102.941889, 29.989629], [102.942574, 29.989518], [102.945139, 29.989323], [102.945141, 29.989237], [102.945761, 29.987918], [102.946212, 29.986998], [102.9464, 29.986634], [102.946451, 29.9865], [102.946455, 29.986423], [102.946446, 29.986364], [102.946425, 29.986297], [102.946406, 29.986252], [102.9464, 29.986186], [102.946415, 29.986122], [102.946453, 29.986064], [102.946508, 29.986019], [102.946582, 29.985989], [102.946662, 29.98598], [102.946742, 29.985994], [102.946812, 29.986028], [102.946866, 29.986081], [102.946899, 29.986144], [102.946938, 29.986209], [102.94696, 29.98625], [102.947002, 29.986284], [102.947184, 29.986349], [102.948613, 29.986845], [102.951223, 29.98778], [102.951194, 29.987838], [102.950584, 29.989063], [102.950291, 29.989702], [102.950144, 29.990023], [102.950123, 29.990069], [102.949995, 29.990314], [102.949969, 29.990415], [102.950035, 29.990592], [102.950124, 29.990756], [102.950124, 29.990854], [102.949961, 29.990995], [102.950216, 29.991446], [102.951086, 29.994046], [102.951401, 29.99475], [102.951715, 29.995279], [102.952213, 29.995864], [102.952561, 29.99618], [102.952883, 29.996412], [102.953267, 29.996601], [102.953511, 29.996687], [102.953738, 29.996753], [102.95436, 29.99687], [102.956084, 29.9971], [102.958135, 29.997383], [102.958853, 29.99753], [102.95915, 29.997613], [102.960205, 29.998325], [102.961742, 29.999325], [102.965591, 30.001833], [102.966221, 30.002216], [102.966739, 30.002463], [102.966995, 30.002548], [102.96736, 30.002626], [102.967766, 30.00268], [102.968226, 30.002686], [102.968729, 30.002646], [102.969782, 30.002475], [102.970786, 30.002274], [102.971943, 30.002217], [102.972519, 30.002161], [102.972763, 30.002145], [102.972894, 30.002206], [102.973275, 30.002371], [102.973502, 30.002468], [102.974228, 30.002781], [102.97443, 30.002814], [102.974524, 30.00283], [102.974726, 30.002827], [102.975368, 30.002746], [102.976699, 30.002498], [102.976999, 30.00248], [102.977222, 30.00251], [102.977469, 30.002591], [102.977635, 30.00266], [102.978464, 30.003153], [102.978854, 30.003378], [102.979077, 30.003501], [102.979215, 30.003562], [102.979352, 30.003618], [102.979492, 30.003642], [102.979682, 30.003652], [102.97988, 30.003639], [102.980002, 30.003618], [102.980171, 30.003552], [102.980341, 30.003491], [102.980474, 30.003412], [102.980608, 30.003333], [102.980706, 30.003217], [102.980777, 30.003102], [102.98082, 30.002986], [102.980817, 30.002903], [102.980797, 30.0028], [102.980742, 30.002703], [102.980634, 30.00261], [102.980533, 30.002563], [102.980418, 30.002535], [102.980319, 30.002532], [102.980208, 30.002553], [102.980129, 30.002596], [102.980046, 30.002656], [102.979977, 30.002738], [102.979971, 30.002801], [102.979957, 30.002915], [102.979971, 30.003038], [102.980006, 30.003171], [102.980066, 30.003295], [102.980306, 30.003687], [102.981014, 30.005044], [102.984807, 30.012997], [102.98516, 30.01363], [102.985525, 30.014217], [102.985824, 30.014633], [102.98621, 30.015119], [102.986637, 30.015576], [102.986921, 30.015848], [102.988117, 30.016936], [102.988444, 30.017216], [102.988832, 30.017496], [102.989169, 30.017698], [102.989406, 30.017837], [102.989702, 30.017983], [102.990002, 30.018103], [102.990425, 30.018236], [102.991028, 30.018365], [102.991519, 30.018431], [102.992029, 30.018476], [102.992461, 30.018482], [102.992903, 30.018449], [102.993391, 30.018396], [102.995623, 30.018025], [102.995757, 30.018006], [102.997623, 30.017699], [102.998151, 30.017627], [102.998658, 30.017587], [102.99919, 30.017556], [102.999767, 30.017545], [103.000182, 30.017552], [103.000647, 30.017585], [103.001119, 30.017621], [103.001638, 30.017693], [103.002199, 30.017792], [103.002734, 30.017905], [103.003176, 30.018015], [103.003598, 30.01815], [103.003975, 30.018301], [103.004399, 30.018498], [103.004984, 30.018788], [103.005318, 30.01896], [103.005554, 30.019103], [103.005985, 30.01937], [103.006373, 30.019619], [103.006707, 30.01986], [103.007144, 30.020189], [103.007397, 30.020404], [103.007712, 30.020694], [103.007928, 30.020913], [103.008166, 30.021171], [103.008351, 30.02139], [103.008527, 30.021619], [103.008709, 30.021888], [103.01269, 30.027969], [103.012913, 30.028256], [103.013133, 30.028502], [103.013383, 30.028736], [103.013667, 30.028954], [103.013963, 30.029152], [103.014218, 30.029295], [103.014483, 30.02942], [103.014818, 30.029543], [103.015203, 30.029639], [103.01554, 30.029708], [103.016206, 30.0298], [103.017664, 30.029909], [103.018901, 30.0301], [103.01963, 30.030363], [103.020326, 30.030717], [103.021144, 30.031412], [103.021765, 30.032284], [103.022262, 30.033376], [103.022709, 30.034424], [103.023149, 30.035082], [103.023557, 30.035529], [103.024008, 30.035839], [103.024577, 30.036147], [103.024987, 30.036303], [103.025402, 30.036426], [103.025748, 30.036491], [103.02614, 30.036534], [103.026778, 30.036523], [103.027106, 30.036495], [103.027378, 30.03645], [103.02772, 30.036355], [103.028098, 30.036219], [103.028688, 30.035978], [103.029336, 30.035703], [103.03076, 30.035007], [103.031444, 30.034661], [103.032454, 30.034206], [103.033149, 30.034023], [103.033945, 30.033912], [103.034688, 30.033898], [103.035246, 30.033969], [103.03618, 30.034173], [103.036818, 30.034395], [103.037598, 30.034768], [103.038523, 30.03546], [103.039401, 30.036277], [103.040272, 30.037155], [103.041079, 30.037894], [103.041902, 30.038721], [103.042758, 30.039544], [103.043455, 30.040388], [103.043967, 30.041322], [103.044346, 30.042336], [103.044721, 30.043346], [103.045031, 30.044219], [103.045383, 30.04514], [103.045865, 30.045897], [103.046157, 30.046227], [103.04655, 30.046535], [103.047316, 30.047016], [103.048178, 30.047342], [103.048625, 30.047411], [103.049115, 30.047459], [103.049585, 30.047462], [103.050044, 30.047409], [103.050513, 30.047337], [103.050963, 30.047292], [103.051463, 30.047295], [103.051941, 30.047337], [103.052406, 30.047449], [103.052881, 30.047583], [103.053247, 30.047738], [103.053796, 30.048059], [103.054228, 30.048399], [103.055071, 30.049067], [103.055899, 30.049529], [103.056086, 30.049611], [103.056276, 30.049686], [103.056518, 30.049755], [103.056796, 30.049816], [103.057065, 30.049871], [103.057219, 30.049905], [103.057587, 30.049936], [103.057879, 30.049947], [103.05866, 30.049938], [103.062691, 30.049706], [103.063229, 30.049647], [103.06369, 30.049595], [103.064117, 30.049576], [103.064538, 30.049597], [103.065028, 30.04968], [103.065606, 30.049838], [103.066128, 30.05004], [103.066547, 30.05028], [103.067082, 30.050577], [103.067479, 30.050816], [103.068538, 30.051363], [103.069398, 30.051692], [103.070285, 30.051949], [103.072693, 30.052416], [103.074742, 30.052806], [103.076389, 30.053134], [103.076986, 30.053247], [103.077843, 30.053432], [103.078275, 30.053545], [103.07872, 30.053672], [103.07919, 30.053831], [103.079583, 30.053984], [103.080071, 30.054199], [103.080589, 30.054445], [103.080914, 30.054621], [103.081157, 30.054767], [103.081384, 30.05491], [103.08169, 30.055128], [103.081975, 30.055351], [103.082255, 30.055603], [103.082545, 30.055887], [103.082851, 30.056223], [103.084432, 30.058124], [103.084738, 30.05847], [103.085055, 30.058791], [103.08546, 30.059134], [103.085822, 30.059417], [103.086281, 30.059737], [103.086718, 30.060001], [103.087199, 30.060259], [103.08772, 30.0605], [103.088185, 30.060693], [103.088639, 30.060853], [103.089188, 30.06102], [103.090092, 30.061238], [103.09402, 30.062039], [103.095003, 30.062264], [103.095873, 30.062484], [103.096766, 30.062762], [103.097578, 30.063045], [103.098216, 30.063283], [103.098803, 30.063524], [103.099342, 30.06379], [103.099937, 30.064084], [103.100607, 30.064434], [103.101209, 30.064774], [103.101741, 30.065101], [103.102191, 30.065404], [103.102651, 30.065712], [103.103527, 30.06636], [103.103991, 30.066727], [103.104199, 30.066922], [103.104819, 30.067483], [103.105284, 30.067961], [103.105453, 30.068111], [103.105579, 30.068243], [103.105714, 30.068386], [103.106683, 30.069504], [103.107119, 30.070088], [103.10807, 30.071303], [103.10951, 30.073064], [103.110606, 30.074426], [103.11108, 30.074978], [103.111784, 30.075713], [103.112626, 30.076468], [103.113546, 30.077092], [103.114759, 30.077701], [103.116098, 30.078328], [103.117676, 30.07887], [103.119511, 30.079348], [103.12038, 30.079571], [103.121206, 30.079808], [103.122365, 30.080245], [103.12343, 30.080723], [103.124561, 30.081407], [103.125806, 30.082332], [103.127485, 30.083761], [103.129082, 30.085187], [103.130339, 30.086318], [103.13248, 30.088262], [103.133697, 30.089346], [103.135623, 30.091009], [103.136062, 30.091446], [103.136606, 30.092032], [103.137281, 30.092906], [103.137603, 30.093399], [103.138122, 30.094371], [103.138736, 30.095874], [103.139205, 30.097533], [103.139693, 30.09918], [103.140087, 30.100469], [103.140409, 30.101202], [103.140606, 30.101901], [103.140793, 30.102791], [103.140949, 30.103222], [103.141132, 30.103548], [103.141261, 30.103959], [103.141315, 30.10437], [103.141352, 30.104584], [103.141444, 30.104849], [103.141892, 30.105729], [103.142072, 30.106102], [103.142306, 30.10646], [103.142941, 30.107179], [103.143582, 30.107837], [103.143881, 30.108095], [103.144264, 30.1084], [103.145462, 30.109114], [103.147033, 30.110094], [103.148024, 30.110869], [103.148658, 30.111309], [103.149004, 30.111606], [103.149317, 30.111955], [103.15006, 30.113073], [103.15118, 30.114545], [103.151707, 30.115187], [103.152533, 30.116238], [103.153161, 30.11684], [103.153794, 30.117394], [103.154356, 30.117813], [103.154814, 30.118136], [103.155174, 30.118368], [103.155857, 30.118767], [103.156355, 30.119008], [103.157207, 30.119399], [103.15791, 30.119714], [103.159794, 30.120478], [103.160509, 30.120783], [103.161102, 30.121105], [103.162009, 30.121664], [103.162311, 30.121873], [103.162589, 30.122073], [103.164677, 30.12373], [103.165356, 30.124281], [103.165933, 30.124705], [103.166486, 30.125057], [103.167237, 30.125487], [103.167901, 30.125822], [103.168609, 30.126139], [103.169474, 30.126443], [103.170401, 30.12672], [103.171947, 30.127148], [103.173533, 30.127579], [103.174697, 30.127893], [103.175096, 30.128], [103.176369, 30.128363], [103.180159, 30.129369], [103.182258, 30.129934], [103.18382, 30.130388], [103.184941, 30.130725], [103.185485, 30.130932], [103.185664, 30.131001], [103.186389, 30.131284], [103.187071, 30.131603], [103.187756, 30.131941], [103.188379, 30.132276], [103.188996, 30.13264], [103.189619, 30.133053], [103.190238, 30.133499], [103.190996, 30.134122], [103.192225, 30.135151], [103.194175, 30.136876], [103.196724, 30.139137], [103.197799, 30.139989], [103.198554, 30.140573], [103.199609, 30.141303], [103.200473, 30.141844], [103.201368, 30.142384], [103.202104, 30.142742], [103.202628, 30.143019], [103.204818, 30.144239], [103.206472, 30.145116], [103.207512, 30.145743], [103.208492, 30.146352], [103.209467, 30.146979], [103.210741, 30.147878], [103.212491, 30.149128], [103.213446, 30.149737], [103.21457, 30.150364], [103.21568, 30.150896], [103.217009, 30.151463], [103.217786, 30.151743], [103.218164, 30.151866], [103.219347, 30.152178], [103.221717, 30.152707], [103.228719, 30.154165], [103.233505, 30.155068], [103.234757, 30.155244], [103.236524, 30.155419], [103.237283, 30.155457], [103.238263, 30.155504], [103.23943, 30.155525], [103.241015, 30.155508], [103.250555, 30.155548], [103.25628, 30.155518], [103.258277, 30.155509], [103.260485, 30.155538], [103.262011, 30.155587], [103.264436, 30.155778], [103.268144, 30.156317], [103.269349, 30.156571], [103.271674, 30.157177], [103.273604, 30.15779], [103.277136, 30.158901], [103.277876, 30.159129], [103.278381, 30.159287], [103.280965, 30.160106], [103.281248, 30.160198], [103.286724, 30.161969], [103.291207, 30.163374], [103.29343, 30.163981], [103.295769, 30.164552], [103.299343, 30.165298], [103.301795, 30.165726], [103.304332, 30.166074], [103.309443, 30.166665], [103.316945, 30.167662], [103.319473, 30.168038], [103.321987, 30.16847], [103.325639, 30.169249], [103.3281, 30.169881], [103.330507, 30.17059], [103.337374, 30.172787], [103.339675, 30.173484], [103.342098, 30.174134], [103.345794, 30.175035], [103.348299, 30.175505], [103.350904, 30.175936], [103.363788, 30.177549], [103.365043, 30.177725], [103.367595, 30.178178], [103.368852, 30.17845], [103.371313, 30.179077], [103.374829, 30.180147], [103.37597, 30.18055], [103.380358, 30.182236], [103.385208, 30.1841], [103.386393, 30.184498], [103.3888, 30.185217], [103.391219, 30.185821], [103.393676, 30.186282], [103.39619, 30.186637], [103.402414, 30.187416], [103.40742, 30.187928], [103.408702, 30.187966], [103.411182, 30.187937], [103.413598, 30.187728], [103.415881, 30.187367], [103.416967, 30.187168], [103.418008, 30.186921], [103.420029, 30.186403], [103.421064, 30.186138], [103.427347, 30.184378], [103.42795, 30.18421], [103.429126, 30.183978], [103.43028, 30.183828], [103.431425, 30.183771], [103.43255, 30.183775], [103.433678, 30.183915], [103.434794, 30.184149], [103.435891, 30.184447], [103.43699, 30.184827], [103.440351, 30.186136], [103.442738, 30.186841], [103.443975, 30.187124], [103.455162, 30.189213], [103.457754, 30.189546], [103.459035, 30.189619], [103.460284, 30.189612], [103.462769, 30.189403], [103.464052, 30.189202], [103.465352, 30.188943], [103.474128, 30.186939], [103.480219, 30.185548], [103.485186, 30.184393], [103.491231, 30.183019], [103.492442, 30.182784], [103.49367, 30.182607], [103.494877, 30.182518], [103.496108, 30.182514], [103.497361, 30.182615], [103.498636, 30.182795], [103.499905, 30.183074], [103.501238, 30.183474], [103.5016, 30.183598], [103.502277, 30.183871], [103.503478, 30.184459], [103.504553, 30.185079], [103.507064, 30.186624], [103.508522, 30.18753], [103.5106, 30.188855], [103.512088, 30.189801], [103.515249, 30.191559], [103.515868, 30.191845], [103.516157, 30.191978], [103.51865, 30.193128], [103.519771, 30.193704], [103.520825, 30.194364], [103.521775, 30.195112], [103.522607, 30.195968], [103.524698, 30.198531], [103.52671, 30.201088], [103.527443, 30.20195], [103.527849, 30.202394], [103.528026, 30.202587], [103.528169, 30.20274], [103.528682, 30.203247], [103.529196, 30.203712], [103.529816, 30.204256], [103.530311, 30.204616], [103.531457, 30.20541], [103.532225, 30.205902], [103.533198, 30.206442], [103.534001, 30.206848], [103.535454, 30.207529], [103.543623, 30.211011], [103.548339, 30.212872], [103.572997, 30.221545], [103.576415, 30.222749], [103.578506, 30.223459], [103.582285, 30.224736], [103.58408, 30.225384], [103.584226, 30.225434], [103.589486, 30.227297], [103.593091, 30.228623], [103.594232, 30.229091], [103.597694, 30.230619], [103.599632, 30.231559], [103.601873, 30.232739], [103.601956, 30.23278], [103.604192, 30.234061], [103.616632, 30.241609], [103.619689, 30.243592], [103.621686, 30.245031], [103.636827, 30.256835], [103.638787, 30.258558], [103.639098, 30.258822], [103.639996, 30.259614], [103.642294, 30.26166], [103.644933, 30.263965], [103.647766, 30.266271], [103.653073, 30.270348], [103.654414, 30.271303], [103.655383, 30.271979], [103.656343, 30.272596], [103.656766, 30.272814], [103.657538, 30.27316], [103.658716, 30.273644], [103.659955, 30.27405], [103.661218, 30.274363], [103.662472, 30.27459], [103.663759, 30.274717], [103.667523, 30.274957], [103.668809, 30.275127], [103.670095, 30.27539], [103.67135, 30.275731], [103.67258, 30.276162], [103.673763, 30.27665], [103.678233, 30.278725], [103.679382, 30.279191], [103.68058, 30.279559], [103.681831, 30.279813], [103.683081, 30.279961], [103.684347, 30.279973], [103.689137, 30.279728], [103.692563, 30.279462], [103.695953, 30.279266], [103.697667, 30.279046], [103.698331, 30.27896], [103.699543, 30.27875], [103.703141, 30.277899], [103.704339, 30.277645], [103.705541, 30.277475], [103.706759, 30.277392], [103.70796, 30.277377], [103.709145, 30.27745], [103.712669, 30.277794], [103.713855, 30.277842], [103.715039, 30.277823], [103.716213, 30.277771], [103.717379, 30.277651], [103.71982, 30.27731], [103.721081, 30.277177], [103.723528, 30.277092], [103.72471, 30.277149], [103.725899, 30.277288], [103.728217, 30.277767], [103.729328, 30.278084], [103.733542, 30.279675], [103.734651, 30.280017], [103.737056, 30.280563], [103.738286, 30.280735], [103.740735, 30.28092], [103.747397, 30.281215], [103.748522, 30.281312], [103.750908, 30.281312], [103.752082, 30.281201], [103.753244, 30.280986], [103.755484, 30.280432], [103.757711, 30.279706], [103.76441, 30.277374], [103.765571, 30.277109], [103.766793, 30.276937], [103.768058, 30.276894], [103.769297, 30.276999], [103.770514, 30.277229], [103.771714, 30.2776], [103.772849, 30.278062], [103.773911, 30.278618], [103.777977, 30.280892], [103.780053, 30.281983], [103.785229, 30.284844], [103.786245, 30.285467], [103.788335, 30.286643], [103.791376, 30.288469], [103.792344, 30.289117], [103.794243, 30.290519], [103.796924, 30.292753], [103.798754, 30.294208], [103.799676, 30.29492], [103.801044, 30.295911], [103.801144, 30.295967], [103.802475, 30.29681], [103.804144, 30.297625], [103.806322, 30.298533], [103.809458, 30.299843], [103.809721, 30.29995], [103.811809, 30.300928], [103.813537, 30.301877], [103.813746, 30.302], [103.814732, 30.302626], [103.815408, 30.303101], [103.815768, 30.303351], [103.815911, 30.303462], [103.816638, 30.304044], [103.818161, 30.305373], [103.8209, 30.307767], [103.823606, 30.310192], [103.826381, 30.312707], [103.826474, 30.31279], [103.827441, 30.313696], [103.828252, 30.314452], [103.828601, 30.314735], [103.829581, 30.31564], [103.830158, 30.316196], [103.830745, 30.316803], [103.831346, 30.317486], [103.831943, 30.318242], [103.832189, 30.318581], [103.832497, 30.319024], [103.832843, 30.319572], [103.833107, 30.320013], [103.83332, 30.320391], [103.833505, 30.320748], [103.833698, 30.321132], [103.833871, 30.321495], [103.834016, 30.321827], [103.834217, 30.322325], [103.834467, 30.323025], [103.834694, 30.323733], [103.834767, 30.324011], [103.83493, 30.324658], [103.835038, 30.325191], [103.835161, 30.325968], [103.835271, 30.326784], [103.835432, 30.328259], [103.835576, 30.329276], [103.835631, 30.329967], [103.835685, 30.330519], [103.835966, 30.332946], [103.836181, 30.334974], [103.836194, 30.335133], [103.836417, 30.336859], [103.836848, 30.339253], [103.837047, 30.340104], [103.837406, 30.341557], [103.837663, 30.342545], [103.837969, 30.343538], [103.838459, 30.344977], [103.838485, 30.345065], [103.839005, 30.346594], [103.839541, 30.348084], [103.840153, 30.350049], [103.840334, 30.350699], [103.840646, 30.351846], [103.840869, 30.352765], [103.841024, 30.353437], [103.841351, 30.355019], [103.841536, 30.355987], [103.84163, 30.356481], [103.841816, 30.35746], [103.842029, 30.358748], [103.842151, 30.359324], [103.842629, 30.361664], [103.842904, 30.363151], [103.843067, 30.363935], [103.843294, 30.36486], [103.84344, 30.365515], [103.84373, 30.366364], [103.843784, 30.366553], [103.843958, 30.367002], [103.844239, 30.367609], [103.844723, 30.368557], [103.844835, 30.36876], [103.844918, 30.3689], [103.845191, 30.369363], [103.845406, 30.369712], [103.84576, 30.370193], [103.846064, 30.370657], [103.846348, 30.370995], [103.846783, 30.371518], [103.847058, 30.371845], [103.847484, 30.37231], [103.848053, 30.372854], [103.848968, 30.373619], [103.849284, 30.373858], [103.849969, 30.374384], [103.85038, 30.374703], [103.850747, 30.374928], [103.851096, 30.375157], [103.851794, 30.37554], [103.852553, 30.375921], [103.854071, 30.376635], [103.855447, 30.377134], [103.856404, 30.377426], [103.857579, 30.377714], [103.858174, 30.377872], [103.860932, 30.378519], [103.86329, 30.379084], [103.864899, 30.379462], [103.866476, 30.379847], [103.867353, 30.380079], [103.868449, 30.380397], [103.869051, 30.380594], [103.87019, 30.380958], [103.871298, 30.381385], [103.871393, 30.381426], [103.872335, 30.381835], [103.873144, 30.382217], [103.874227, 30.382748], [103.875495, 30.383467], [103.876473, 30.384095], [103.877578, 30.384814], [103.878337, 30.385423], [103.879037, 30.385964], [103.880142, 30.386935], [103.881614, 30.388304], [103.882842, 30.389509], [103.883426, 30.390159], [103.886137, 30.392662], [103.886703, 30.393249], [103.889477, 30.395905], [103.892114, 30.398497], [103.893566, 30.399898], [103.893876, 30.400208], [103.895133, 30.401555], [103.896112, 30.402623], [103.897278, 30.404012], [103.897697, 30.404555], [103.898102, 30.405081], [103.898574, 30.405692], [103.898698, 30.405859], [103.898893, 30.40615], [103.899541, 30.407058], [103.900043, 30.407806], [103.900395, 30.408348], [103.901114, 30.409476], [103.901307, 30.409774], [103.901861, 30.410779], [103.902225, 30.411422], [103.902387, 30.41171], [103.902766, 30.412464], [103.904071, 30.414911], [103.906565, 30.41895], [103.906854, 30.419357], [103.907815, 30.42067], [103.90903, 30.422215], [103.909431, 30.422704], [103.911861, 30.425458], [103.914334, 30.428221], [103.916768, 30.4309], [103.920053, 30.434559], [103.922993, 30.437789], [103.926709, 30.441872], [103.928509, 30.443689], [103.930347, 30.445369], [103.933378, 30.447935], [103.935163, 30.44946], [103.936579, 30.450783], [103.937729, 30.451993], [103.939112, 30.453654], [103.940357, 30.455339], [103.941513, 30.457226], [103.942528, 30.459255], [103.943743, 30.462182], [103.944747, 30.464637], [103.944953, 30.465165], [103.945288, 30.466091], [103.946546, 30.469154], [103.947562, 30.471343], [103.949119, 30.47389], [103.950816, 30.476294], [103.952741, 30.479023], [103.954458, 30.48143], [103.956108, 30.483934], [103.95763, 30.48661], [103.958576, 30.488401], [103.959718, 30.490864], [103.961177, 30.494002], [103.961865, 30.495479], [103.962144, 30.496079], [103.963071, 30.497782], [103.963963, 30.499232], [103.964927, 30.500658], [103.965777, 30.501776], [103.966559, 30.502689], [103.967985, 30.504259], [103.970264, 30.506538], [103.972567, 30.508845], [103.975055, 30.511369], [103.976772, 30.513309], [103.977829, 30.51472], [103.978966, 30.516414], [103.9797, 30.517708], [103.981219, 30.520444], [103.98235, 30.522243], [103.983583, 30.523908], [103.984298, 30.524741], [103.985247, 30.525836], [103.986216, 30.526883], [103.986817, 30.527475], [103.987003, 30.527666], [103.988132, 30.52887], [103.988536, 30.529275], [103.989864, 30.530636], [103.991329, 30.532146], [103.993079, 30.533992], [103.994762, 30.535727], [103.996323, 30.537303], [103.997677, 30.53856], [103.998135, 30.538927], [103.998519, 30.539213], [103.999101, 30.53962], [104.000274, 30.54039], [104.002809, 30.54188], [104.00338, 30.542232], [104.004597, 30.543028], [104.006904, 30.544799], [104.008699, 30.546392], [104.010956, 30.548749], [104.012682, 30.550872], [104.014113, 30.553151], [104.015245, 30.555026], [104.015824, 30.555989], [104.018737, 30.560722], [104.020369, 30.563475], [104.021927, 30.566127], [104.022228, 30.566649], [104.023047, 30.568243], [104.023677, 30.569571], [104.024097, 30.570459], [104.024179, 30.570634], [104.024582, 30.571617], [104.024857, 30.572301], [104.025249, 30.573276], [104.026026, 30.575356], [104.027199, 30.578341], [104.027628, 30.579476], [104.028136, 30.580736], [104.028325, 30.581259], [104.028589, 30.581926], [104.028841, 30.582571], [104.028946, 30.582838], [104.029457, 30.584171], [104.029709, 30.584785], [104.030365, 30.586437], [104.030625, 30.587151], [104.031189, 30.58867], [104.03135, 30.589159], [104.031449, 30.589533], [104.031707, 30.590723], [104.031828, 30.591562], [104.031887, 30.592086], [104.031915, 30.592663], [104.031934, 30.593757], [104.031897, 30.596843], [104.031889, 30.599879], [104.03188, 30.60363], [104.031911, 30.60514], [104.031894, 30.606124], [104.0319, 30.60643], [104.031955, 30.606954], [104.031984, 30.607279], [104.032024, 30.607524], [104.032079, 30.607859], [104.032114, 30.608075], [104.032195, 30.608436], [104.032311, 30.608834], [104.032432, 30.609209], [104.032569, 30.609591], [104.032687, 30.60988], [104.032798, 30.610128], [104.032938, 30.610399], [104.033363, 30.61113], [104.033766, 30.611785], [104.035192, 30.614018], [104.037742, 30.618001], [104.038132, 30.618652], [104.039826, 30.621327], [104.040477, 30.622352], [104.041225, 30.623518], [104.041412, 30.623719], [104.041674, 30.624062], [104.041766, 30.624337], [104.042283, 30.625155], [104.042523, 30.625535], [104.042809, 30.625981], [104.043228, 30.626629], [104.043754, 30.627421], [104.043777, 30.627456], [104.043877, 30.627613], [104.044124, 30.628034], [104.044445, 30.628528], [104.044561, 30.628705], [104.044674, 30.628878], [104.045145, 30.629592], [104.045297, 30.629832], [104.045869, 30.630738], [104.045924, 30.630825], [104.046647, 30.631909], [104.047602, 30.633412], [104.048305, 30.63448], [104.048418, 30.634648], [104.048714, 30.635029], [104.049863, 30.636774], [104.04992, 30.636869], [104.05119, 30.638893], [104.051353, 30.639274], [104.051757, 30.639868], [104.052847, 30.641616], [104.054242, 30.643718], [104.055008, 30.644998], [104.055228, 30.645357], [104.056358, 30.647049], [104.057551, 30.648991], [104.058015, 30.649729], [104.058464, 30.65037], [104.060177, 30.652809], [104.060372, 30.653104], [104.060426, 30.653188], [104.0605, 30.653303], [104.061326, 30.654518], [104.061442, 30.654689], [104.061497, 30.654771], [104.061555, 30.65485], [104.061616, 30.654893], [104.061713, 30.654929], [104.061809, 30.654944], [104.061869, 30.654953], [104.062563, 30.654962], [104.062808, 30.654962], [104.063383, 30.654964], [104.063508, 30.654963], [104.063597, 30.654962], [104.064021, 30.654961], [104.065843, 30.654953], [104.06602, 30.654935], [104.066127, 30.654914], [104.066284, 30.654847], [104.066364, 30.654789], [104.066459, 30.654902], [104.067511, 30.656298], [104.067988, 30.65697], [104.068417, 30.657877], [104.068452, 30.657938], [104.068614, 30.658233], [104.068779, 30.658104], [104.068932, 30.658042], [104.069119, 30.657959], [104.069761, 30.657643], [104.070456, 30.657276], [104.073327, 30.655898], [104.073562, 30.655785], [104.075591, 30.654806], [104.075879, 30.654658], [104.078054, 30.653625], [104.07926, 30.653074], [104.080467, 30.652522], [104.081225, 30.652176], [104.082245, 30.65171], [104.082749, 30.651479], [104.0828, 30.651606], [104.080864, 30.652509], [104.0793, 30.653233], [104.079563, 30.653692], [104.079907, 30.654324], [104.079575, 30.654468]], "type": "LineString"}}, {"type": "Feature", "properties": {"key": "5-ctu", "source": "OSRM / OpenStreetMap", "fetchedAt": "2026-09-16T06:05:42.170069+00:00", "requestUrl": "https://router.project-osrm.org/route/v1/driving/104.07947,30.65429;103.9471,30.5785?overview=full&geometries=geojson&steps=false", "distanceMeters": 19110.7, "durationSeconds": 1353.1, "waypoints": [{"hint": "ZP-Ni2X_jYtVAAAAAwAAAAAAAAAAAAAAhWEOQuJCeD8AAAAAAAAAAFUAAAADAAAAAAAAAAAAAAB3JgEA1yA0BgTA0wFuIDQGUr_TAQAAjxIAAAAA", "location": [104.079575, 30.654468], "name": "", "distance": 22.15088134}, {"hint": "6vLRlPDy0ZQPAAAAAAAAAI4AAABIBQAAadTMQAAAAAAZNmxCLfoMRA8AAAAAAAAAjgAAAEgFAAB3JgEA_A0yBuib0gFcGzIGRJfSAQYAnwEAAAAA", "location": [103.943676, 30.579688], "name": "", "distance": 353.8700531}], "note": "Suggested driving route through supplied WGS84 itinerary anchors; not a verified convoy route. No live closures or off-road activities."}, "geometry": {"coordinates": [[104.079575, 30.654468], [104.079907, 30.654324], [104.079563, 30.653692], [104.0793, 30.653233], [104.078145, 30.653778], [104.077394, 30.654137], [104.075967, 30.654788], [104.075692, 30.654932], [104.075591, 30.654806], [104.074693, 30.653548], [104.074446, 30.65311], [104.074175, 30.652724], [104.073805, 30.652234], [104.073745, 30.652155], [104.073535, 30.651871], [104.073144, 30.651344], [104.072759, 30.650833], [104.072691, 30.650748], [104.072624, 30.650633], [104.072539, 30.650452], [104.072495, 30.650308], [104.072451, 30.650088], [104.072434, 30.649903], [104.07242, 30.649662], [104.072406, 30.648849], [104.072206, 30.648854], [104.070716, 30.648891], [104.070238, 30.648861], [104.069665, 30.648889], [104.067869, 30.648967], [104.067732, 30.648976], [104.06759, 30.648997], [104.067157, 30.649072], [104.06672, 30.649164], [104.066672, 30.649174], [104.066298, 30.649265], [104.065788, 30.649388], [104.06518, 30.649511], [104.064502, 30.649676], [104.064012, 30.649786], [104.063678, 30.649847], [104.063317, 30.649869], [104.062646, 30.649875], [104.061948, 30.649846], [104.061089, 30.649838], [104.060075, 30.649823], [104.059605, 30.649818], [104.059414, 30.649835], [104.059223, 30.649873], [104.058944, 30.649973], [104.058765, 30.650048], [104.058683, 30.650082], [104.058443, 30.650196], [104.058198, 30.650323], [104.057984, 30.650461], [104.057931, 30.650496], [104.057577, 30.650734], [104.057462, 30.65079], [104.057308, 30.650839], [104.057072, 30.650876], [104.056481, 30.650952], [104.055804, 30.651057], [104.055505, 30.651141], [104.055271, 30.651266], [104.054952, 30.651502], [104.054858, 30.651563], [104.05479, 30.651506], [104.054489, 30.651143], [104.054132, 30.650713], [104.054112, 30.650689], [104.054068, 30.650637], [104.05369, 30.650209], [104.053263, 30.649768], [104.052998, 30.649569], [104.052354, 30.649269], [104.051685, 30.648936], [104.051291, 30.648749], [104.051168, 30.648691], [104.050958, 30.648591], [104.050645, 30.648442], [104.049804, 30.648043], [104.049653, 30.64797], [104.047575, 30.647046], [104.047136, 30.646862], [104.047027, 30.646823], [104.046943, 30.646802], [104.046862, 30.64679], [104.045178, 30.646619], [104.044992, 30.646601], [104.044873, 30.646589], [104.044487, 30.646541], [104.044221, 30.646495], [104.043775, 30.646386], [104.043116, 30.646174], [104.042096, 30.645766], [104.041002, 30.645327], [104.040346, 30.645033], [104.03958, 30.6447], [104.039056, 30.644495], [104.038819, 30.644399], [104.038345, 30.644198], [104.035799, 30.643142], [104.035501, 30.642996], [104.035215, 30.642837], [104.032489, 30.640863], [104.03069, 30.639468], [104.029344, 30.638441], [104.028941, 30.638208], [104.027545, 30.637407], [104.026542, 30.636893], [104.025784, 30.636484], [104.025355, 30.636143], [104.025063, 30.635897], [104.024767, 30.635552], [104.024729, 30.635463], [104.024423, 30.634746], [104.024145, 30.63401], [104.023611, 30.632587], [104.023303, 30.631873], [104.022524, 30.630983], [104.020912, 30.629502], [104.020398, 30.629063], [104.019923, 30.628657], [104.01912, 30.627972], [104.019023, 30.627889], [104.018899, 30.627761], [104.018547, 30.627269], [104.018343, 30.627027], [104.017115, 30.625584], [104.015316, 30.623425], [104.014923, 30.623022], [104.014781, 30.622883], [104.01401, 30.622128], [104.012314, 30.620466], [104.011906, 30.620066], [104.011419, 30.619604], [104.010538, 30.618763], [104.009457, 30.617786], [104.009266, 30.617585], [104.009206, 30.617519], [104.00906, 30.617357], [104.008636, 30.616867], [104.007823, 30.615803], [104.007474, 30.615373], [104.007086, 30.614965], [104.006731, 30.614605], [104.006374, 30.614261], [104.005683, 30.613649], [104.005585, 30.613556], [104.0053, 30.613285], [104.005238, 30.613226], [104.00492, 30.612922], [104.004715, 30.61272], [104.004208, 30.612219], [104.00399, 30.612018], [104.003889, 30.61193], [104.003467, 30.61156], [104.00308, 30.611094], [104.002899, 30.610804], [104.002837, 30.610704], [104.002499, 30.610067], [104.002099, 30.609265], [104.001841, 30.608554], [104.001677, 30.608084], [104.001573, 30.607788], [104.000939, 30.606113], [104.00091, 30.606051], [104.000506, 30.60475], [104.000017, 30.603406], [103.99979, 30.602717], [103.999486, 30.602157], [103.99922, 30.601742], [103.998923, 30.601278], [103.996684, 30.601299], [103.99465, 30.601331], [103.993842, 30.601331], [103.992264, 30.601331], [103.989855, 30.601336], [103.988433, 30.601354], [103.987779, 30.601359], [103.987235, 30.601418], [103.986689, 30.601498], [103.985496, 30.60174], [103.985416, 30.601755], [103.985264, 30.601788], [103.984915, 30.60183], [103.982315, 30.602303], [103.981923, 30.602386], [103.981688, 30.602458], [103.981594, 30.602497], [103.978937, 30.603645], [103.978824, 30.603694], [103.97543, 30.605132], [103.973081, 30.606124], [103.971857, 30.606679], [103.971792, 30.606708], [103.97116, 30.606983], [103.970418, 30.6073], [103.970071, 30.607452], [103.969782, 30.60754], [103.969464, 30.607593], [103.969258, 30.607607], [103.968754, 30.607599], [103.968609, 30.60757], [103.968158, 30.607417], [103.967868, 30.607326], [103.967171, 30.607077], [103.966637, 30.606905], [103.966556, 30.60688], [103.96589, 30.60668], [103.96495, 30.606421], [103.964647, 30.606411], [103.964544, 30.606421], [103.963927, 30.606421], [103.963443, 30.606396], [103.963238, 30.606385], [103.962467, 30.606207], [103.962195, 30.606076], [103.962073, 30.606018], [103.961774, 30.605816], [103.961509, 30.605587], [103.961454, 30.60554], [103.961214, 30.605228], [103.961126, 30.605084], [103.96093, 30.604765], [103.960769, 30.604468], [103.960603, 30.604207], [103.960299, 30.603681], [103.960139, 30.603403], [103.959971, 30.603178], [103.9598, 30.602977], [103.95964, 30.602839], [103.959543, 30.602755], [103.959119, 30.602474], [103.958763, 30.602296], [103.957193, 30.601483], [103.956941, 30.601393], [103.956423, 30.601082], [103.955912, 30.600788], [103.955304, 30.600348], [103.954956, 30.600055], [103.954403, 30.599559], [103.954093, 30.599283], [103.953638, 30.598805], [103.952814, 30.597883], [103.952453, 30.597516], [103.952006, 30.59708], [103.951617, 30.596796], [103.950711, 30.596058], [103.950072, 30.595633], [103.949951, 30.595543], [103.947024, 30.593561], [103.945092, 30.592182], [103.942153, 30.590134], [103.942264, 30.58999], [103.942539, 30.58967], [103.942758, 30.589338], [103.942892, 30.588995], [103.942948, 30.588499], [103.94287, 30.588099], [103.942702, 30.587727], [103.942422, 30.587366], [103.942086, 30.58711], [103.941715, 30.586929], [103.94069, 30.586436], [103.939317, 30.585759], [103.939572, 30.585078], [103.939941, 30.584132], [103.939908, 30.584074], [103.940289, 30.583047], [103.940304, 30.583013], [103.940381, 30.582833], [103.940429, 30.582819], [103.940466, 30.582825], [103.94063, 30.582422], [103.941003, 30.581352], [103.941046, 30.581194], [103.941069, 30.581083], [103.941147, 30.580682], [103.941167, 30.580581], [103.941312, 30.579727], [103.941328, 30.579573], [103.942385, 30.579555], [103.943051, 30.579545], [103.94347, 30.579563], [103.943558, 30.579598], [103.943647, 30.579636], [103.943676, 30.579688]], "type": "LineString"}}, {"type": "Feature", "properties": {"key": "5-tfu", "source": "OSRM / OpenStreetMap", "fetchedAt": "2026-09-16T06:05:59.828689+00:00", "requestUrl": "https://router.project-osrm.org/route/v1/driving/104.07947,30.65429;104.441,30.312?overview=full&geometries=geojson&steps=false", "distanceMeters": 64557.4, "durationSeconds": 3008.1, "waypoints": [{"hint": "ZP-Ni2X_jYtVAAAAAwAAAAAAAAAAAAAAhWEOQuJCeD8AAAAAAAAAAFUAAAADAAAAAAAAAAAAAAB3JgEA1yA0BgTA0wFuIDQGUr_TAQAAjxIAAAAA", "location": [104.079575, 30.654468], "name": "", "distance": 22.15088134}, {"hint": "7xGsj_IRrI8EAAAAFgAAADQAAAAaAAAAxKzwP3R3DUFkaqxBmdcrQQQAAAAWAAAANAAAABoAAAB3JgEAqKQ5BkCGzgGopDkGQIbOAQQAzxEAAAAA", "location": [104.441, 30.312], "name": "", "distance": 0}], "note": "Suggested driving route through supplied WGS84 itinerary anchors; not a verified convoy route. No live closures or off-road activities."}, "geometry": {"coordinates": [[104.079575, 30.654468], [104.079907, 30.654324], [104.079563, 30.653692], [104.0793, 30.653233], [104.078145, 30.653778], [104.078079, 30.653667], [104.078054, 30.653625], [104.07926, 30.653074], [104.080467, 30.652522], [104.081225, 30.652176], [104.082245, 30.65171], [104.082749, 30.651479], [104.083041, 30.65134], [104.083066, 30.651329], [104.083506, 30.651144], [104.083607, 30.6511], [104.085813, 30.650155], [104.086689, 30.649773], [104.087899, 30.649251], [104.088903, 30.648819], [104.090383, 30.648189], [104.090414, 30.648175], [104.090476, 30.648105], [104.090607, 30.647769], [104.090605, 30.647663], [104.090076, 30.646801], [104.089412, 30.645755], [104.088666, 30.644648], [104.088599, 30.64454], [104.088135, 30.643766], [104.088023, 30.643593], [104.087995, 30.643556], [104.087976, 30.643531], [104.087937, 30.643488], [104.087901, 30.643448], [104.087855, 30.643408], [104.087756, 30.643376], [104.087668, 30.643348], [104.087583, 30.64333], [104.087512, 30.643325], [104.087427, 30.64333], [104.087325, 30.643346], [104.087223, 30.643377], [104.086899, 30.643529], [104.08657, 30.643683], [104.086419, 30.643745], [104.086253, 30.643781], [104.086206, 30.643766], [104.086185, 30.643727], [104.086196, 30.643691], [104.086326, 30.643587], [104.086456, 30.643476], [104.086644, 30.643291], [104.086689, 30.643243], [104.087053, 30.642808], [104.087304, 30.642537], [104.087445, 30.642386], [104.08765, 30.642165], [104.088026, 30.641808], [104.088102, 30.641734], [104.088285, 30.641492], [104.089129, 30.640385], [104.08927, 30.640193], [104.089375, 30.640035], [104.089487, 30.639864], [104.089618, 30.639652], [104.089784, 30.639354], [104.089981, 30.63893], [104.090147, 30.638571], [104.090305, 30.638169], [104.090477, 30.637657], [104.09062, 30.637182], [104.090733, 30.636784], [104.090833, 30.636388], [104.090882, 30.636202], [104.091224, 30.635176], [104.091281, 30.635018], [104.091327, 30.634895], [104.091509, 30.634536], [104.091563, 30.634408], [104.091604, 30.634274], [104.091696, 30.63411], [104.091776, 30.634014], [104.091945, 30.633731], [104.092065, 30.633473], [104.09217, 30.633219], [104.092212, 30.633012], [104.092243, 30.632903], [104.092279, 30.632752], [104.092303, 30.632556], [104.092321, 30.632343], [104.092309, 30.632086], [104.092292, 30.631958], [104.092365, 30.631924], [104.093762, 30.63104], [104.094362, 30.630638], [104.09536, 30.629994], [104.09549, 30.62991], [104.096932, 30.628953], [104.097093, 30.628855], [104.098007, 30.62825], [104.099242, 30.627454], [104.099403, 30.627383], [104.09953, 30.62727], [104.099725, 30.627158], [104.100201, 30.626818], [104.100707, 30.626545], [104.102163, 30.62556], [104.102275, 30.625485], [104.10238, 30.625416], [104.103928, 30.624404], [104.104331, 30.624099], [104.104747, 30.623736], [104.105027, 30.623434], [104.105117, 30.623285], [104.105345, 30.622973], [104.10614, 30.621984], [104.106376, 30.621717], [104.107115, 30.62086], [104.108155, 30.619723], [104.108337, 30.619523], [104.108465, 30.619455], [104.108717, 30.619319], [104.108735, 30.619311], [104.109273, 30.619092], [104.109342, 30.619063], [104.109948, 30.618762], [104.110413, 30.618359], [104.110432, 30.618331], [104.110551, 30.618161], [104.110849, 30.617732], [104.1112, 30.616722], [104.11153, 30.615705], [104.111772, 30.614958], [104.112218, 30.613583], [104.112318, 30.61329], [104.112668, 30.612207], [104.112861, 30.611662], [104.113067, 30.611273], [104.113156, 30.611111], [104.113289, 30.610913], [104.113297, 30.610905], [104.11528, 30.60897], [104.115369, 30.608886], [104.115483, 30.608788], [104.116034, 30.608315], [104.116277, 30.608082], [104.116367, 30.607998], [104.116422, 30.607946], [104.117113, 30.607266], [104.117584, 30.606851], [104.118854, 30.605749], [104.119187, 30.6055], [104.119331, 30.605379], [104.119757, 30.605143], [104.120237, 30.604886], [104.120924, 30.604474], [104.121243, 30.604277], [104.121607, 30.604098], [104.123687, 30.602791], [104.125509, 30.601646], [104.127216, 30.600574], [104.127954, 30.600111], [104.129394, 30.599148], [104.130532, 30.59842], [104.132149, 30.597437], [104.132221, 30.597386], [104.133506, 30.596576], [104.135824, 30.595114], [104.13598, 30.595015], [104.139902, 30.592541], [104.142115, 30.591224], [104.143434, 30.590439], [104.143631, 30.590317], [104.143842, 30.590189], [104.146351, 30.588633], [104.147215, 30.58811], [104.149728, 30.586621], [104.149833, 30.586564], [104.149979, 30.586486], [104.152668, 30.584836], [104.15292, 30.58469], [104.153126, 30.584565], [104.153644, 30.584245], [104.153744, 30.584186], [104.154817, 30.583568], [104.155577, 30.583098], [104.157079, 30.582186], [104.157157, 30.582139], [104.157413, 30.581956], [104.159347, 30.580766], [104.160067, 30.58035], [104.162676, 30.578793], [104.164249, 30.578054], [104.167469, 30.576798], [104.169544, 30.576073], [104.169773, 30.575991], [104.170179, 30.575839], [104.173791, 30.574488], [104.176033, 30.573634], [104.177188, 30.573216], [104.177979, 30.572931], [104.179589, 30.572326], [104.180825, 30.571845], [104.181214, 30.571693], [104.182451, 30.571128], [104.183283, 30.570713], [104.183407, 30.57065], [104.186174, 30.569205], [104.187027, 30.568773], [104.188774, 30.567888], [104.190741, 30.56691], [104.190813, 30.566873], [104.193934, 30.56527], [104.196407, 30.564013], [104.198581, 30.562915], [104.202502, 30.560918], [104.202686, 30.560826], [104.202627, 30.560705], [104.20123, 30.558438], [104.200135, 30.556558], [104.200041, 30.55642], [104.199519, 30.555534], [104.197093, 30.551541], [104.197049, 30.551472], [104.194992, 30.547944], [104.1944, 30.547202], [104.19348, 30.546184], [104.193429, 30.546126], [104.193392, 30.546083], [104.190811, 30.543632], [104.187964, 30.540866], [104.187903, 30.540808], [104.184557, 30.537618], [104.181178, 30.534226], [104.181085, 30.534138], [104.180921, 30.533982], [104.177469, 30.530714], [104.177432, 30.530672], [104.175056, 30.528339], [104.17499, 30.528274], [104.173911, 30.527222], [104.172535, 30.525875], [104.171041, 30.524503], [104.170968, 30.524442], [104.170884, 30.52437], [104.170727, 30.524223], [104.170806, 30.524142], [104.170903, 30.524024], [104.171007, 30.523908], [104.17103, 30.523713], [104.171705, 30.522986], [104.172025, 30.522624], [104.172485, 30.522137], [104.172947, 30.52162], [104.17386, 30.520733], [104.174536, 30.52016], [104.175078, 30.519707], [104.17591, 30.51905], [104.176687, 30.518589], [104.177485, 30.518076], [104.17842, 30.517604], [104.178855, 30.51741], [104.17983, 30.517002], [104.181726, 30.516332], [104.184517, 30.515217], [104.186845, 30.514015], [104.188379, 30.513017], [104.190289, 30.511455], [104.190882, 30.510879], [104.191469, 30.510309], [104.192466, 30.509017], [104.19314, 30.508114], [104.193322, 30.507774], [104.193821, 30.506681], [104.194162, 30.505539], [104.194253, 30.504999], [104.194312, 30.504474], [104.194315, 30.503545], [104.194231, 30.502812], [104.194102, 30.502249], [104.193887, 30.501536], [104.193629, 30.500814], [104.192937, 30.499344], [104.192462, 30.498502], [104.19112, 30.496271], [104.19067, 30.495388], [104.190368, 30.494731], [104.190204, 30.494363], [104.19012, 30.494103], [104.189731, 30.49293], [104.189459, 30.491621], [104.189366, 30.490165], [104.189391, 30.489227], [104.189499, 30.488427], [104.189753, 30.487062], [104.190118, 30.485861], [104.190623, 30.484494], [104.191255, 30.48324], [104.191996, 30.48222], [104.192679, 30.481347], [104.193327, 30.480537], [104.194033, 30.479727], [104.197242, 30.476083], [104.198851, 30.474228], [104.20163, 30.470989], [104.203427, 30.46889], [104.206134, 30.465687], [104.207501, 30.464107], [104.208153, 30.463402], [104.208986, 30.462649], [104.209841, 30.461966], [104.210712, 30.46132], [104.212336, 30.460242], [104.213043, 30.459854], [104.214034, 30.45937], [104.215492, 30.458756], [104.216456, 30.458426], [104.218051, 30.457971], [104.221154, 30.457163], [104.226219, 30.455828], [104.228072, 30.455335], [104.229839, 30.454865], [104.230142, 30.454771], [104.231169, 30.454453], [104.232613, 30.453812], [104.233482, 30.453331], [104.234376, 30.452694], [104.235006, 30.452178], [104.235513, 30.451712], [104.236522, 30.450538], [104.23845, 30.448115], [104.238972, 30.447477], [104.239574, 30.446806], [104.240504, 30.445721], [104.241383, 30.444748], [104.242289, 30.443934], [104.24334, 30.443163], [104.244411, 30.442384], [104.246595, 30.440992], [104.24922, 30.439312], [104.257353, 30.434088], [104.259613, 30.432495], [104.260474, 30.431645], [104.261402, 30.430562], [104.262315, 30.429185], [104.266852, 30.420807], [104.273616, 30.413112], [104.27447, 30.412269], [104.275284, 30.411567], [104.276286, 30.410777], [104.277484, 30.409958], [104.279253, 30.408742], [104.280489, 30.408034], [104.281613, 30.407483], [104.284616, 30.406222], [104.286829, 30.405428], [104.2895, 30.404564], [104.292478, 30.403492], [104.295192, 30.402422], [104.29781, 30.401214], [104.299586, 30.400321], [104.302257, 30.398795], [104.305117, 30.397152], [104.306408, 30.396415], [104.308931, 30.394875], [104.31038, 30.394014], [104.311345, 30.393441], [104.313307, 30.392353], [104.315009, 30.39146], [104.316468, 30.390835], [104.319475, 30.38986], [104.320883, 30.389435], [104.321859, 30.389178], [104.324144, 30.388587], [104.327987, 30.387535], [104.331645, 30.386556], [104.333248, 30.386085], [104.335967, 30.385259], [104.337337, 30.38462], [104.339473, 30.383581], [104.341813, 30.382206], [104.343637, 30.380891], [104.345892, 30.379354], [104.349996, 30.376137], [104.351005, 30.375478], [104.351406, 30.375262], [104.3529, 30.374364], [104.355625, 30.373076], [104.358961, 30.371757], [104.35967, 30.371537], [104.362603, 30.37061], [104.363755, 30.370265], [104.370158, 30.368249], [104.371075, 30.36795], [104.373168, 30.36728], [104.374486, 30.366885], [104.3749, 30.366775], [104.377538, 30.366048], [104.381125, 30.365266], [104.38458, 30.364748], [104.38513, 30.364685], [104.387651, 30.364396], [104.38797, 30.364359], [104.389648, 30.364245], [104.3907, 30.364192], [104.392234, 30.364101], [104.393733, 30.364041], [104.395044, 30.363989], [104.396475, 30.363949], [104.397468, 30.363898], [104.398654, 30.363837], [104.400301, 30.363716], [104.402221, 30.363575], [104.407484, 30.362823], [104.410281, 30.362386], [104.41141, 30.362244], [104.412112, 30.362151], [104.413351, 30.362022], [104.414701, 30.361973], [104.41664, 30.362038], [104.417157, 30.362073], [104.417554, 30.3621], [104.419981, 30.362267], [104.422613, 30.362488], [104.423966, 30.362601], [104.428474, 30.36288], [104.43086, 30.363078], [104.433955, 30.363291], [104.435583, 30.363404], [104.437253, 30.363523], [104.439957, 30.363486], [104.441496, 30.363393], [104.442216, 30.363295], [104.443842, 30.362994], [104.444697, 30.362818], [104.445869, 30.362449], [104.447079, 30.362026], [104.448487, 30.361533], [104.45053, 30.360547], [104.453303, 30.359099], [104.454243, 30.358598], [104.455482, 30.357709], [104.456317, 30.357237], [104.45733, 30.356757], [104.45824, 30.356399], [104.458971, 30.35599], [104.459178, 30.355853], [104.459347, 30.355681], [104.459559, 30.355423], [104.459706, 30.35517], [104.459843, 30.3549], [104.459945, 30.354562], [104.460001, 30.354151], [104.459996, 30.353803], [104.459955, 30.353524], [104.459806, 30.353145], [104.459044, 30.351516], [104.456919, 30.34684], [104.456351, 30.345711], [104.454022, 30.340986], [104.453467, 30.339707], [104.45282, 30.338216], [104.452204, 30.336959], [104.44967, 30.331596], [104.449029, 30.330412], [104.448109, 30.328435], [104.447784, 30.327603], [104.446207, 30.324191], [104.445276, 30.322165], [104.445224, 30.322069], [104.444963, 30.321583], [104.444778, 30.321305], [104.444653, 30.321139], [104.444476, 30.32096], [104.444247, 30.320729], [104.44404, 30.320572], [104.443275, 30.32009], [104.442815, 30.319765], [104.442482, 30.319454], [104.441807, 30.31877], [104.441608, 30.318506], [104.441467, 30.318271], [104.441166, 30.317821], [104.44107, 30.317703], [104.44097, 30.317467], [104.440652, 30.316024], [104.440457, 30.315141], [104.440382, 30.314819], [104.440199, 30.31403], [104.440141, 30.313776], [104.439935, 30.313025], [104.439885, 30.312826], [104.439884, 30.312647], [104.439916, 30.312499], [104.439986, 30.312368], [104.440073, 30.312285], [104.440211, 30.312157], [104.440478, 30.312026], [104.440744, 30.311936], [104.440806, 30.312053], [104.440911, 30.31202], [104.441, 30.312]], "type": "LineString"}}]}
